0,0,0,0,1
0.1,5.79744920280324e-05,4.70136374206715e-05,7.09326150292217e-05,0.99999999469862
0.2,0.000226497193180928,0.000184388314561796,0.000275514317960628,0.999999919395912
0.3,0.000497786583725965,0.000406790798553063,0.000602060484540625,0.999999612126393
0.4,0.000864572949247653,0.000709174313603362,0.00103984866514827,0.999998834149401
0.5,0.00132006398066424,0.00108676375659109,0.00157903972503007,0.999997291500918
0.6,0.00185791279283354,0.00153504153533327,0.00221060538270789,0.999994652501393
0.7,0.00247218818375995,0.00204973403525323,0.00292626164479645,0.999990561889839
0.8,0.0031573469689904,0.00262679871182206,0.00371840767037959,0.999984652148743
0.9,0.00390820823788635,0.00326241179982903,0.00458006963171914,0.999976552495
1,0.00471992938995642,0.00395295662582644,0.00550484917013019,0.999965895936498
1.1,0.00558798382025734,0.00469501250666339,0.00648687607618866,0.999952324730114
1.2,0.00650814013298734,0.00548534421460385,0.00752076485196073,0.999935494522971
1.3,0.0074764427717992,0.00632089198790211,0.00860157483963701,0.999915077413195
1.4,0.00848919396406411,0.00719876206471196,0.00972477362584001,0.999890764128013
1.5,0.00954293688434887,0.00811621771769658,0.0108862034540012,0.999862265484571
1.6,0.0106344399497603,0.00907067076657318,0.0120820503986454,0.999829313271502
1.7,0.0117606821666039,0.0100596735459823,0.0133088160752564,0.999791660666261
1.8,0.012918839454035,0.0110809113064451,0.0145632916777225,0.999749082283794
1.9,0.0141062718761,0.012132195026708,0.0158425341522606,0.99970137393585
2,0.0153205117187995,0.013211454616425,0.0171438443322931,0.999648352166452
2.1,0.016559252353612,0.0143167324888635,0.0184647468730914,0.999589853617595
2.2,0.0178203378333138,0.0154461774841065,0.0198029718381896,0.999525734269514
2.3,0.0191017531699688,0.0165980391240437,0.0211564378017027,0.999455868591812
2.4,0.020401615248662,0.0177706621812795,0.022523236341831,0.99938014863493
2.5,0.021718164333951,0.0189624815449213,0.0239016178110747,0.999298483085827
2.6,0.023049756129128,0.020172017367041,0.0252899782780878,0.999210796306978
2.7,0.0243948543512567,0.0213978704744144,0.0266868475447415,0.999117027373903
2.8,0.0257520237875887,0.022638718030933,0.0280908781498932,0.999017129123183
2.9,0.0271199238013942,0.0238933094368516,0.0295008352786414,0.998911067220213
3,0.0284973022574847,0.0251604624517688,0.0309155875025262,0.998798819253724
3.1,0.0298829898397734,0.0264390595289474,0.0323340982822699,0.998680373862295
3.2,0.031275894735128,0.0277280443492576,0.0337554181702784,0.99855572989655
3.3,0.0326749976595373,0.029026418543672,0.0351786776552939,0.998424895619546
3.4,0.0340793472042461,0.0303332385938534,0.0366030805963242,0.998287887946859
3.5,0.0354880554810266,0.0316476129009622,0.0380278981973317,0.998144731727088
3.6,0.0369002940471547,0.0329686990133619,0.0394524634781491,0.997995459062868
3.7,0.0383152900919624,0.034295701004424,0.0408761662007615,0.997840108671981
3.8,0.0397323228680441,0.0356278669921319,0.0422984482134494,0.997678725287772
3.9,0.0411507203513156,0.0369644867926493,0.043718799178378,0.997511359097792
4,0.0425698561151691,0.0383048897004611,0.0451367526510475,0.997338065219356
4.1,0.0439891464049356,0.039648442388114,0.046551882482618,0.99715890321056
4.2,0.0454080473997721,0.0409945469189763,0.0479637995185095,0.996973936615194
4.3,0.046826052649929,0.0423426388668084,0.0493721485688639,0.996783232539912
4.4,0.0482426906781383,0.0436921855362854,0.0507766056284667,0.996586861262001
4.5,0.0496575227345963,0.0450426842789443,0.0521768753255696,0.996384895866086
4.6,0.051070140695692,0.0463936608993381,0.0535726885807454,0.996177411908095
4.7,0.052480165097272,0.0477446681464724,0.0549638004584632,0.995964487104891
4.8,0.0538872432938251,0.0490952842858775,0.0563499881954933,0.995746201047962
4.9,0.0552910477355264,0.0504451117479275,0.0577310493915619,0.995522634939656
5,0.0566912743555952,0.0517937758482644,0.0591068003488755,0.995293871350485
5.1,0.0580876410609093,0.0531409235764152,0.0604770745482374,0.995059993996096
5.2,0.0594798863192694,0.0544862224489094,0.0618417212504875,0.994821087532563
5.3,0.0608677678371287,0.0558293594234059,0.0632006042129293,0.994577237368732
5.4,0.0622510613220021,0.0571700398705366,0.064553600511255,0.994328529494412
5.5,0.0636295593241367,0.0585079866003518,0.065900599458265,0.994075050323279
5.6,0.0650030701523725,0.0598429389404269,0.0672415016113927,0.99381688654942
5.7,0.0663714168594471,0.0611746518628506,0.0685762178617075,0.993554125016505
5.8,0.0677344362922997,0.0625028951574692,0.0699046685976689,0.993286852598658
5.9,0.0690919782032151,0.0638274526489025,0.0712267829374635,0.993015156092141
6,0.0704439044179129,0.0651481214549866,0.0725424980242613,0.992739122117007
6.1,0.0717900880569358,0.0664647112844251,0.0738517583792001,0.992458837027993
6.2,0.0731304128069246,0.0677770437715492,0.0751545153073291,0.992174386833887
6.3,0.0744647722385842,0.0690849518462065,0.0764507263521422,0.991885857124747
6.4,0.0757930691683489,0.0703882791369011,0.0777403547946881,0.99159333300632
6.5,0.0771152150609477,0.071686879405412,0.0790233691935773,0.991296899041106
6.6,0.0784311294702474,0.0729806160112113,0.080299742962511,0.990996639195512
6.7,0.0797407395159196,0.0742693614040973,0.0815694539822331,0.990692636792624
6.8,0.0810439793936348,0.0755529966435389,0.082832484244065,0.990384974470121
6.9,0.082340789916632,0.076831410943313,0.0840888195224166,0.990073734142913
7,0.0836311180866525,0.0781045012400896,0.0853384490738814,0.98975899697011
7.1,0.084914916692352,0.0793721717846941,0.0865813653607246,0.989440843325959
7.2,0.086192143933428,0.0806343337548436,0.0878175637967493,0.989119352774414
7.3,0.087462763068812,0.0818909048882175,0.089047042513698,0.988794604047029
7.4,0.0887267420873798,0.0831418091347858,0.0902698021464936,0.988466675023891
7.5,0.0899840533997357,0.0843869763273749,0.0914858456357706,0.988135642717327
7.6,0.0912346735497147,0.0856263418695053,0.0926951780462684,0.987801583258143
7.7,0.0924785829443377,0.0868598464395869,0.0938978063997829,0.98746457188418
7.8,0.0937157656010327,0.088087435710608,0.0950937395214771,0.987124682930968
7.9,0.0949462089110131,0.0893090600844983,0.096282987898452,0.986781989824296
8,0.096169903417774,0.0905246744403906,0.0974655635495682,0.986436565074533
8.1,0.097386842609735,0.0917342378960473,0.0986414799055965,0.986088480272522
8.2,0.0985970227261204,0.0929377135817568,0.0998107516988464,0.985737806086919
8.3,0.0998004425752254,0.0941350684260427,0.100973394861497,0.985384612262825
8.4,0.100997103364271,0.0953262729525603,0.102129426431914,0.985028967621607
8.5,0.102187008540106,0.0965113010875941,0.103278864468304,0.984670940061776
8.6,0.10337016364005,0.0976901299775941,0.1044217279691,0.98431059656083
8.7,0.104546576152243,0.0988627398162249,0.105558036799529,0.983948003177964
8.8,0.105716255384863,0.100029113680424,0.10668781162386,0.983583225057556
8.9,0.106879212343674,0.101189237374999,0.10781107384287,0.983216326433359
9,0.10803545961734,0.102343099285308,0.108927845536095,0.982847370633311
9.1,0.109185011270022,0.103490690237606,0.110038149408486,0.982476420084912
9.2,0.110327882740791,0.104632003366647,0.11114200874111,0.982103536321099
9.3,0.111464090749407,0.105767033990162,0.112239447345566,0.981728779986557
9.4,0.112593653208065,0.106895779489862,0.113330489521816,0.981352210844436
9.5,0.113716589138727,0.108018239198602,0.11441516001916,0.980973887783399
9.6,0.114832918595667,0.109134414293404,0.115493484000094,0.980593868824987
9.7,0.115942662592912,0.110244307694016,0.116565487006827,0.98021221113124
9.8,0.117045843036254,0.111347923966731,0.117631194930241,0.979828971012551
9.9,0.118142482659544,0.112445269233175,0.118690633981095,0.979444203935724
10,0.119232604964988,0.113536351083813,0.119743830663301,0.97905796453219
10.1,0.1203162341672,0.114621178495926,0.120790811749103,0.978670306606378
10.2,0.12139339514076,0.11569976175582,0.121831604256012,0.978281283144195
10.3,0.122464113371053,0.116772112385045,0.122866235425351,0.977890946321612
10.4,0.123528414908196,0.117838243070429,0.123894732702294,0.977499347513322
10.5,0.124586326323826,0.118898167597699,0.124917123717272,0.977106537301458
10.6,0.125637874670597,0.119951900788533,0.125933436268651,0.976712565484362
10.7,0.126683087444191,0.12099945844084,0.126943698306566,0.97631748108537
10.8,0.127721992547698,0.122040857272112,0.127947937917845,0.975921332361633
10.9,0.128754618258198,0.123076114865687,0.128946183311916,0.975524166812921
11,0.129780993195419,0.124105249619762,0.129938462807638,0.975126031190438
11.1,0.130801146292335,0.125128280699024,0.13092480482098,0.974726971505614
11.2,0.13181510676758,0.12614522798876,0.131905237853483,0.974327033038872
11.3,0.132822904099555,0.127156112051306,0.132879790481452,0.97392626034837
11.4,0.133824568002137,0.128160954084736,0.133848491345811,0.973524697278699
11.5,0.134820128401877,0.129159775883647,0.134811369142589,0.973122386969536
11.6,0.13580961541659,0.130152599801956,0.13576845261398,0.972719371864257
11.7,0.136793059335267,0.131139448717587,0.136719770539936,0.972315693718482
11.8,0.137770490599198,0.13212034599896,0.137665351730255,0.971911393608572
11.9,0.138741939784261,0.133095315473187,0.138605225017134,0.971506511940061
12,0.139707437584274,0.134064381395881,0.139539419248146,0.97110108845602
12.1,0.140667014795368,0.135027568422503,0.140467963279617,0.970695162245358
12.2,0.141620702301301,0.135984901581158,0.141390885970373,0.97028877175105
12.3,0.142568531059664,0.136936406246782,0.142308216175831,0.969881954778291
12.4,0.143510532088911,0.137882108116621,0.143219982742415,0.969474748502578
12.5,0.144446736456181,0.138822033186966,0.144126214502266,0.969067189477717
12.6,0.145377175265843,0.139756207731059,0.145026940268237,0.968659313643755
12.7,0.146301879648734,0.140684658278112,0.145922188829151,0.968251156334826
12.8,0.147220880752035,0.141607411593394,0.146811988945297,0.96784275228693
12.9,0.148134209729759,0.142524494659315,0.147696369344164,0.967434135645626
13,0.149041897733804,0.143435934657474,0.148575358716381,0.967025339973644
13.1,0.149943975905535,0.144341758951599,0.14944898571187,0.966616398258426
13.2,0.150840475367871,0.145241995071358,0.150317278936176,0.966207342919578
13.3,0.15173142721784,0.146136670696979,0.151180266946983,0.965798205816246
13.4,0.152616862519577,0.147025813644642,0.152037978250797,0.965389018254414
13.5,0.153496812297735,0.147909451852613,0.152890441299783,0.964979810994122
13.6,0.154371307531286,0.148787613368068,0.153737684488755,0.964570614256599
13.7,0.155240379147688,0.149660326334579,0.154579736152304,0.964161457731325
13.8,0.1561040580174,0.150527618980238,0.15541662456206,0.963752370583013
13.9,0.156962374948714,0.151389519606364,0.156248377924078,0.963343381458506
14,0.157815360682901,0.152246056576783,0.157075024376345,0.962934518493607
14.1,0.158663045889634,0.153097258307653,0.157896591986399,0.962525809319825
14.2,0.159505461162687,0.153943153257788,0.158713108749055,0.962117281071044
14.3,0.160342637015887,0.154783769919473,0.159524602584232,0.961708960390122
14.4,0.161174603879307,0.155619136809745,0.160331101334875,0.961300873435411
14.5,0.162001392095679,0.156449282462104,0.161132632764976,0.960893045887201
14.6,0.162823031917024,0.157274235418644,0.161929224557674,0.960485502954094
14.7,0.163639553501483,0.158094024222584,0.162720904313442,0.960078269379304
14.8,0.164450986910334,0.158908677411168,0.163507699548355,0.959671369446883
14.9,0.165257362105188,0.159718223508925,0.164289637692435,0.959264826987874
15,0.166058708945352,0.160522691021276,0.165066746088064,0.958858665386401
15.1,0.166855057185357,0.161322108428448,0.165839051988471,0.958452907585676
15.2,0.167646436472624,0.162116504179717,0.166606582556287,0.95804757609395
15.3,0.168432876345288,0.162905906687922,0.167369364862156,0.957642692990386
15.4,0.169214406230135,0.163690344324272,0.168127425883419,0.957238279930864
15.5,0.169991055440689,0.164469845413411,0.168880792502849,0.956834358153729
15.6,0.170762853175396,0.165244438228737,0.169629491507445,0.956430948485458
15.7,0.17152982851594,0.166014150987956,0.170373549587279,0.956028071346271
15.8,0.172292010425654,0.166779011848872,0.171112993334399,0.955625746755675
15.9,0.173049427748037,0.167539048905386,0.171847849241779,0.955223994337941
16,0.173802109205367,0.168294290183703,0.172578143702322,0.954822833327518
16.1,0.174550083397408,0.169044763638743,0.173303903007903,0.954422282574389
16.2,0.175293378800193,0.169790497150729,0.174025153348465,0.954022360549355
16.3,0.176032023764905,0.170531518521956,0.174741920811152,0.953623085349268
16.4,0.176766046516821,0.171267855473738,0.175454231379491,0.953224474702193
16.5,0.177495475154336,0.171999535643504,0.176162110932608,0.95282654597252
16.6,0.178220337648063,0.172726586582058,0.176865585244489,0.952429316166006
16.7,0.178940661839987,0.17344903575098,0.177564679983273,0.952032801934766
16.8,0.179656475442693,0.174166910520172,0.178259420710592,0.9516370195822
16.9,0.180367806038649,0.174880238165535,0.178949832880934,0.951241985067867
17,0.181074681079547,0.175589045866769,0.17963594184105,0.9508477140123
17.1,0.181777127885704,0.176293360705304,0.180317772829393,0.950454221701762
17.2,0.182475173645503,0.176993209662336,0.180995350975583,0.950061523092949
17.3,0.183168845414899,0.177688619616986,0.181668701299913,0.949669632817637
17.4,0.183858170116958,0.178379617344548,0.182337848712879,0.949278565187277
17.5,0.18454317454145,0.179066229514855,0.183002818014741,0.948888334197529
17.6,0.185223885344484,0.179748482690727,0.183663633895113,0.948498953532747
17.7,0.185900329048176,0.18042640332652,0.184320320932582,0.948110436570416
17.8,0.186572532040372,0.181100017766756,0.184972903594353,0.947722796385525
17.9,0.18724052057439,0.18176935224484,0.185621406235916,0.947336045754897
18,0.187904320768813,0.182434432881858,0.186265853100749,0.946950197161464
18.1,0.188563958607303,0.183095285685445,0.186906268320034,0.946565262798497
18.2,0.189219459938464,0.183751936548736,0.187542675912404,0.946181254573774
18.3,0.189870850475717,0.184404411249374,0.188175099783711,0.945798184113709
18.4,0.190518155797222,0.185052735448595,0.188803563726819,0.945416062767431
18.5,0.191161401345817,0.185696934690372,0.189428091421412,0.945034901610805
18.6,0.191800612428991,0.186337034400619,0.190048706433833,0.944654711450419
18.7,0.192435814218879,0.186973059886457,0.190665432216937,0.944275502827507
18.8,0.193067031752287,0.18760503633553,0.191278292109966,0.943897286021843
18.9,0.193694289930737,0.188232988815378,0.191887309338445,0.943520071055571
19,0.194317613520535,0.188856942272863,0.192492507014093,0.943143867697001
19.1,0.194937027152866,0.189476921533635,0.193093908134756,0.942768685464354
19.2,0.195552555323904,0.190092951301655,0.193691535584359,0.942394533629462
19.3,0.196164222394947,0.190705056158754,0.194285412132872,0.942021421221424
19.4,0.196772052592571,0.191313260564243,0.194875560436292,0.94164935703022
19.5,0.197376070008799,0.191917588854552,0.195462003036646,0.941278349610273
19.6,0.197976298601294,0.192518065242923,0.196044762362009,0.94090840728398
19.7,0.198572762193563,0.193114713819127,0.196623860726534,0.94053953814519
19.8,0.199165484475187,0.193707558549227,0.197199320330499,0.940171750062642
19.9,0.199754489002053,0.194296623275365,0.19777116326037,0.939805050683364
20,0.200339799196615,0.194881931715593,0.198339411488876,0.939439447436026
20.1,0.200921438348164,0.195463507463729,0.198904086875101,0.939074947534255
20.2,0.201499429613109,0.196041373989242,0.199465211164585,0.93871155797991
20.3,0.202073796015279,0.196615554637172,0.20002280598944,0.93834928556631
20.4,0.20264456044623,0.197186072628069,0.200576892868481,0.937988136881431
20.5,0.203211745665572,0.197752951057972,0.201127493207367,0.937628118311058
20.6,0.203775374301304,0.198316212898395,0.201674628298751,0.937269236041898
20.7,0.204335468850162,0.198875880996354,0.202218319322449,0.936911496064656
20.8,0.204892051677975,0.199431978074412,0.20275858734561,0.936554904177075
20.9,0.205445145020037,0.19998452673074,0.203295453322911,0.936199465986929
21,0.205994770981485,0.200533549439209,0.203828938096745,0.935845186914989
21.1,0.206540951537692,0.201079068549496,0.204359062397436,0.935492072197949
21.2,0.207083708534661,0.201621106287216,0.204885846843451,0.935140126891308
21.3,0.207623063689437,0.202159684754066,0.20540931194163,0.934789355872228
21.4,0.208159038590522,0.202694825927991,0.205929478087422,0.934439763842343
21.5,0.2086916546983,0.203226551663366,0.20644636556513,0.934091355330543
21.6,0.209220933345475,0.203754883691201,0.206959994548162,0.93374413469572
21.7,0.209746895737505,0.204279843619348,0.2074703850993,0.933398106129471
21.8,0.210269562953057,0.204801452932738,0.207977557170966,0.933053273658781
21.9,0.210788955944458,0.205319732993628,0.2084815306055,0.932709641148658
22,0.211305095538162,0.205834705041854,0.20898232513545,0.932367212304746
22.1,0.211818002435214,0.20634639019511,0.209479960383865,0.932025990675892
22.2,0.212327697211731,0.206854809449234,0.209974455864592,0.931685979656694
22.3,0.212834200319377,0.207359983678504,0.210465830982588,0.931347182490005
22.4,0.213337532085857,0.207861933635949,0.210954105034237,0.93100960226941
22.5,0.213837712715402,0.208360679953676,0.211439297207662,0.930673241941669
22.6,0.214334762289275,0.208856243143194,0.211921426583064,0.930338104309132
22.7,0.214828700766265,0.209348643595768,0.212400512133046,0.930004192032117
22.8,0.2153195479832,0.209837901582764,0.212876572722959,0.92967150763126
22.9,0.215807323655459,0.210324037256015,0.213349627111242,0.929340053489837
23,0.216292047377485,0.210807070648194,0.213819693949776,0.929009831856051
23.1,0.216773738623309,0.211287021673195,0.214286791784238,0.928680844845291
23.2,0.217252416747069,0.211763910126522,0.214750939054464,0.928353094442363
23.3,0.217728100983545,0.212237755685684,0.215212154094812,0.928026582503688
23.4,0.218200810448685,0.212708577910605,0.215670455134532,0.927701310759475
23.5,0.218670564140141,0.213176396244034,0.216125860298143,0.927377280815864
23.6,0.219137380937807,0.213641230011961,0.216578387605814,0.927054494157037
23.7,0.219601279604362,0.214103098424051,0.217028054973741,0.926732952147307
23.8,0.220062278785809,0.214562020574068,0.21747488021454,0.926412656033175
23.9,0.220520397012025,0.21501801544032,0.217918881037636,0.926093606945362
24,0.220975652697308,0.2154711018861,0.218360075049658,0.925775805900811
24.1,0.221428064140928,0.215921298660137,0.218798479754839,0.925459253804668
24.2,0.221877649527681,0.216368624397052,0.219234112555415,0.925143951452226
24.3,0.222324426928442,0.216813097617817,0.219666990752032,0.924829899530856
24.4,0.222768414300724,0.217254736730218,0.220097131544152,0.924517098621903
24.5,0.223209629489235,0.21769356002933,0.220524552030468,0.924205549202555
24.6,0.223648090226439,0.218129585697986,0.220949269209314,0.923895251647697
24.7,0.224083814133118,0.218562831807256,0.221371299979083,0.923586206231729
24.8,0.224516818718932,0.218993316316928,0.221790661138647,0.923278413130366
24.9,0.224947121382987,0.219421057075996,0.222207369387774,0.922971872422408
25,0.225374739414397,0.219846071823145,0.22262144132756,0.922666584091493
25.1,0.225799689992852,0.220268378187245,0.223032893460847,0.922362548027822
25.2,0.226221990189183,0.220687993687846,0.223441742192655,0.922059764029854
25.3,0.22664165696593,0.221104935735677,0.223848003830611,0.921758231805993
25.4,0.227058707177913,0.221519221633141,0.224251694585381,0.921457950976238
25.5,0.227473157572794,0.221930868574826,0.224652830571103,0.921158921073816
25.6,0.227885024791654,0.222339893648004,0.225051427805821,0.920861141546793
25.7,0.228294325369555,0.222746313833142,0.225447502211926,0.920564611759659
25.8,0.228701075736114,0.22315014600441,0.225841069616589,0.920269330994894
25.9,0.229105292216071,0.223551406930193,0.226232145752201,0.919975298454515
26,0.229506991029859,0.223950113273606,0.226620746256818,0.919682513261594
26.1,0.229906188294172,0.224346281593003,0.227006886674596,0.91939097446176
26.2,0.230302900022536,0.224739928342503,0.227390582456238,0.919100681024679
26.3,0.230697142125876,0.225131069872499,0.227771848959439,0.918811631845514
26.4,0.231088930413087,0.225519722430179,0.228150701449323,0.918523825746362
26.5,0.2314782805916,0.225905902160049,0.228527155098898,0.918237261477672
26.6,0.231865208267952,0.226289625104451,0.228901224989492,0.917951937719648
26.7,0.232249728948349,0.226670907204086,0.229272926111209,0.917667853083619
26.8,0.232631858039237,0.227049764298536,0.229642273363368,0.917385006113407
26.9,0.233011610847866,0.227426212126786,0.230009281554956,0.917103395286659
27,0.233389002582854,0.227800266327751,0.23037396540507,0.916823019016173
27.1,0.233764048354752,0.228171942440796,0.230736339543372,0.916543875651197
27.2,0.234136763176605,0.228541255906264,0.231096418510532,0.916265963478714
27.3,0.234507161964519,0.228908222065996,0.231454216758677,0.915989280724703
27.4,0.234875259538217,0.229272856163864,0.231809748651844,0.915713825555391
27.5,0.235241070621601,0.229635173346285,0.232163028466421,0.915439596078477
27.6,0.235604609843312,0.229995188662754,0.232514070391602,0.915166590344345
27.7,0.235965891737285,0.230352917066366,0.232862888529833,0.914894806347258
27.8,0.236324930743308,0.230708373414341,0.233209496897259,0.914624242026531
27.9,0.236681741207574,0.231061572468546,0.233553909424174,0.914354895267696
28,0.237036337383237,0.231412528896021,0.233896139955467,0.914086763903636
28.1,0.237388733430965,0.231761257269502,0.23423620225107,0.913819845715718
28.2,0.237738943419486,0.232107772067945,0.234574109986406,0.913554138434897
28.3,0.238086981326142,0.232452087677045,0.234909876752834,0.913289639742813
28.4,0.238432861037435,0.23279421838976,0.235243516058096,0.913026347272864
28.5,0.238776596349571,0.233134178406833,0.235575041326762,0.912764258611269
28.6,0.23911820096901,0.23347198183731,0.235904465900674,0.912503371298112
28.7,0.239457688512999,0.23380764269906,0.236231803039392,0.912243682828376
28.8,0.239795072510125,0.234141174919295,0.236557065920637,0.911985190652949
28.9,0.240130366400843,0.234472592335085,0.236880267640733,0.911727892179633
29,0.240463583538021,0.234801908693876,0.237201421215049,0.911471784774124
29.1,0.240794737187472,0.235129137654007,0.237520539578443,0.91121686576098
29.2,0.241123840528488,0.235454292785221,0.237837635585698,0.910963132424583
29.3,0.241450906654372,0.23577738756918,0.238152722011964,0.910710582010073
29.4,0.241775948572969,0.23609843539998,0.238465811553198,0.91045921172428
29.5,0.242098979207193,0.236417449584655,0.238776916826597,0.910209018736634
29.6,0.242420011395551,0.236734443343695,0.239086050371039,0.909960000180068
29.7,0.24273905789267,0.237049429811545,0.239393224647518,0.909712153151898
29.8,0.243056131369818,0.237362422037121,0.239698452039575,0.909465474714704
29.9,0.243371244415422,0.237673432984308,0.240001744853735,0.909219961897178
30,0.243684409535587,0.237982475532469,0.240303115319939,0.90897561169498
30.1,0.24399563915461,0.238289562476944,0.240602575591971,0.908732421071566
30.2,0.244304945615498,0.238594706529554,0.240900137747895,0.908490386959009
30.3,0.244612341180474,0.238897920319098,0.241195813790476,0.908249506258807
30.4,0.244917838031487,0.239199216391852,0.241489615647612,0.90800977584268
30.5,0.245221448270723,0.239498607212064,0.241781555172761,0.90777119255335
30.6,0.245523183921102,0.239796105162452,0.24207164414536,0.907533753205315
30.7,0.245823056926789,0.240091722544691,0.242359894271255,0.907297454585605
30.8,0.246121079153688,0.240385471579911,0.242646317183121,0.907062293454532
30.9,0.246417262389943,0.24067736440918,0.242930924440879,0.906828266546426
31,0.246711618346432,0.240967413093995,0.243213727532122,0.906595370570357
31.1,0.24700415865726,0.24125562961677,0.243494737872527,0.906363602210848
31.2,0.247294894880253,0.241542025881313,0.243773966806274,0.906132958128579
31.3,0.247583838497442,0.241826613713317,0.244051425606463,0.905903434961076
31.4,0.247871000915553,0.242109404860833,0.244327125475522,0.90567502932339
31.5,0.24815639346649,0.242390410994751,0.244601077545626,0.90544773780877
31.6,0.248440027407816,0.242669643709279,0.244873292879101,0.905221556989316
31.7,0.248721913923233,0.242947114522414,0.245143782468839,0.90499648341663
31.8,0.249002064123059,0.243222834876417,0.245412557238699,0.904772513622456
31.9,0.249280489044699,0.243496816138281,0.245679628043918,0.904549644119303
32,0.249557199653125,0.243769069600203,0.245945005671514,0.904327871401065
32.1,0.249832206841336,0.244039606480048,0.246208700840688,0.904107191943628
32.2,0.250105521430834,0.244308437921818,0.246470724203224,0.903887602205468
32.3,0.250377154172082,0.244575574996106,0.246731086343892,0.90366909862824
32.4,0.250647115744971,0.244841028700568,0.246989797780841,0.903451677637357
32.5,0.250915416759278,0.245104809960372,0.247246868965999,0.903235335642555
32.6,0.251182067755123,0.245366929628658,0.247502310285467,0.903020069038458
32.7,0.251447079203426,0.245627398486996,0.247756132059911,0.90280587420513
32.8,0.25171046150636,0.245886227245833,0.248008344544951,0.902592747508609
32.9,0.251972224997798,0.246143426544943,0.248258957931556,0.902380685301448
33,0.252232379943764,0.246399006953882,0.248507982346427,0.902169683923237
33.1,0.252490936542877,0.246652978972426,0.248755427852383,0.901959739701117
33.2,0.252747904926794,0.246905353031019,0.249001304448751,0.901750848950288
33.3,0.253003295160652,0.247156139491215,0.24924562207174,0.901543007974507
33.4,0.253257117243503,0.247405348646115,0.249488390594829,0.901336213066582
33.5,0.253509381108753,0.247652990720806,0.249729619829145,0.901130460508848
33.6,0.253760096624593,0.247899075872799,0.249969319523835,0.900925746573646
33.7,0.254009273594429,0.248143614192457,0.250207499366448,0.900722067523787
33.8,0.254256921757312,0.248386615703427,0.250444168983308,0.900519419613011
33.9,0.254503050788365,0.248628090363073,0.250679337939883,0.900317799086438
34,0.254747670299203,0.248868048062899,0.250913015741156,0.90011720218101
34.1,0.254990789838356,0.249106498628972,0.251145211831998,0.899917625125926
34.2,0.255232418891685,0.249343451822349,0.251375935597528,0.899719064143071
34.3,0.255472566882804,0.249578917339492,0.251605196363484,0.899521515447436
34.4,0.255711243173486,0.249812904812689,0.251833003396582,0.899324975247532
34.5,0.255948457064079,0.25004542381047,0.252059365904881,0.899129439745796
34.6,0.256184217793915,0.250276483838015,0.252284293038139,0.898934905138991
34.7,0.256418534541712,0.250506094337575,0.252507793888176,0.898741367618594
34.8,0.256651416425983,0.250734264688871,0.252729877489223,0.89854882337119
34.9,0.256882872505435,0.250961004209507,0.252950552818284,0.898357268578842
35,0.257112911779367,0.251186322155371,0.253169828795482,0.898166699419467
35.1,0.257341543188069,0.251410227721042,0.253387714284414,0.897977112067205
35.2,0.257568775613215,0.251632730040185,0.253604218092497,0.89778850269277
35.3,0.257794617878255,0.251853838185952,0.253819348971319,0.89760086746381
35.4,0.258019078748805,0.252073561171378,0.254033115616979,0.897414202545251
35.5,0.258242166933033,0.252291907949772,0.254245526670435,0.897228504099635
35.6,0.258463891082045,0.252508887415112,0.254456590717844,0.897043768287458
35.7,0.258684259790267,0.252724508402431,0.254666316290901,0.896859991267497
35.8,0.258903281595824,0.252938779688206,0.25487471186718,0.896677169197129
35.9,0.259120964980919,0.253151709990741,0.255081785870466,0.896495298232654
36,0.259337318372208,0.253363307970554,0.255287546671094,0.896314374529598
36.1,0.259552350141172,0.25357358223075,0.255492002586279,0.896134394243024
36.2,0.259766068604488,0.253782541317407,0.255695161880447,0.89595535352783
36.3,0.2599784820244,0.253990193719946,0.255897032765566,0.895777248539039
36.4,0.26018959860908,0.254196547871509,0.256097623401472,0.895600075432094
36.5,0.260399426512995,0.254401612149327,0.256296941896193,0.895423830363134
36.6,0.260607973837267,0.254605394875096,0.256494996306278,0.895248509489278
36.7,0.260815248630035,0.254807904315335,0.256691794637113,0.895074108968893
36.8,0.261021258886807,0.255009148681761,0.256887344843243,0.894900624961866
36.9,0.261226012550818,0.255209136131644,0.257081654828695,0.894728053629861
37,0.261429517513381,0.255407874768172,0.257274732447288,0.89455639113658
37.1,0.261631781614238,0.255605372640811,0.257466585502953,0.894385633648015
37.2,0.261832812641907,0.255801637745659,0.257657221750041,0.894215777332696
37.3,0.262032618334025,0.255996678025799,0.257846648893642,0.89404681836193
37.4,0.262231206377696,0.256190501371657,0.258034874589886,0.893878752910046
37.5,0.26242858440983,0.256383115621347,0.258221906446258,0.893711577154623
37.6,0.262624760017481,0.256574528561022,0.258407752021901,0.893545287276721
37.7,0.262819740738183,0.256764747925219,0.25859241882792,0.893379879461105
37.8,0.263013534060287,0.256953781397203,0.258775914327685,0.893215349896467
37.9,0.263206147423292,0.257141636609308,0.258958245937134,0.893051694775637
38,0.263397588218174,0.257328321143279,0.259139421025069,0.892888910295801
38.1,0.263587863787716,0.257513842530609,0.259319446913455,0.892726992658701
38.2,0.263776981426831,0.257698208252873,0.259498330877719,0.892565938070845
38.3,0.263964948382888,0.257881425742061,0.259676080147036,0.892405742743698
38.4,0.264151771856034,0.258063502380913,0.259852701904631,0.892246402893885
38.5,0.264337458999509,0.258244445503247,0.260028203288061,0.892087914743377
38.6,0.26452201691997,0.258424262394284,0.260202591389512,0.891930274519676
38.7,0.264705452677799,0.258602960290976,0.260375873256078,0.891773478456003
38.8,0.264887773287422,0.258780546382329,0.260548055890054,0.891617522791476
38.9,0.265068985717616,0.258957027809721,0.260719146249215,0.891462403771281
39,0.265249096891819,0.259132411667228,0.260889151247101,0.891308117646848
39.1,0.265428113688438,0.259306705001934,0.261058077753296,0.89115466067602
39.2,0.265606042941153,0.259479914814251,0.261225932593706,0.891002029123211
39.3,0.265782891439219,0.259652048058231,0.26139272255084,0.890850219259576
39.4,0.265958665927766,0.259823111641876,0.261558454364082,0.890699227363159
39.5,0.266133373108103,0.259993112427448,0.261723134729965,0.890549049719055
39.6,0.266307019638006,0.260162057231779,0.261886770302448,0.890399682619555
39.7,0.26647961213202,0.260329952826573,0.262049367693178,0.890251122364296
39.8,0.266651157161748,0.260496805938708,0.262210933471769,0.890103365260403
39.9,0.266821661256144,0.260662623250545,0.262371474166063,0.889956407622634
40,0.266991130901799,0.260827411400217,0.262530996262395,0.88981024577351
40.1,0.267159572543231,0.260991176981938,0.262689506205864,0.889664876043457
40.2,0.267326992583165,0.261153926546289,0.262847010400587,0.889520294770934
40.3,0.267493397382823,0.261315666600516,0.263003515209967,0.88937649830256
40.4,0.267658793262197,0.261476403608825,0.26315902695695,0.889233482993241
40.5,0.267823186500336,0.261636143992665,0.263313551924282,0.889091245206292
40.6,0.267986583335617,0.261794894131022,0.263467096354764,0.888949781313556
40.7,0.268148989966022,0.261952660360704,0.263619666451511,0.888809087695522
40.8,0.268310412549413,0.262109448976622,0.263771268378203,0.888669160741437
40.9,0.268470857203804,0.262265266232078,0.263921908259335,0.888529996849416
41,0.268630330007627,0.262420118339042,0.264071592180468,0.888391592426554
41.1,0.268788837000002,0.262574011468432,0.264220326188482,0.888253943889029
41.2,0.268946384181005,0.262726951750392,0.264368116291815,0.888117047662203
41.3,0.269102977511928,0.262878945274564,0.264514968460713,0.887980900180728
41.4,0.269258622915546,0.263029998090368,0.264660888627476,0.887845497888636
41.5,0.269413326276372,0.263180116207264,0.264805882686696,0.887710837239442
41.6,0.269567093440923,0.263329305595033,0.264949956495502,0.887576914696232
41.7,0.269719930217969,0.263477572184035,0.265093115873794,0.887443726731754
41.8,0.269871842378795,0.263624921865483,0.265235366604488,0.887311269828506
41.9,0.27002283565745,0.263771360491703,0.265376714433749,0.887179540478822
42,0.270172915751002,0.263916893876399,0.265517165071223,0.887048535184956
42.1,0.270322088319784,0.264061527794913,0.265656724190276,0.886918250459161
42.2,0.270470361366488,0.264205270094811,0.265795400459136,0.886788680561032
42.3,0.270617767244379,0.264348150444378,0.26593323359213,0.88665979647187
42.4,0.270764350023461,0.26449020977408,0.266070278284872,0.886531557646679
42.5,0.270910150431274,0.264631486992103,0.266206585044492,0.886403926302565
42.6,0.271055205942236,0.264772018929325,0.266342200312881,0.886276867381855
42.7,0.271199551021823,0.26491184043407,0.266477166784666,0.886150348364098
42.8,0.271343217352624,0.265050984463333,0.266611523699904,0.886024339091292
42.9,0.271486234043617,0.26518948217054,0.266745307113528,0.885898811605392
43,0.271628627823904,0.265327362989903,0.26687855014342,0.885773739997226
43.1,0.271770423222071,0.265464654717444,0.267011283198842,0.885649100265987
43.2,0.271911642732235,0.265601383588763,0.267143534190785,0.88552487018855
43.3,0.272052306967754,0.265737574353635,0.267275328725716,0.885401029197917
43.4,0.272192434803537,0.265873250347507,0.267406690284031,0.885277558270125
43.5,0.272332043507781,0.266008433560006,0.267537640384459,0.885154439819032
43.6,0.272471148863928,0.266143144700526,0.267668198735531,0.885031657598395
43.7,0.272609765283561,0.266277403260988,0.267798383375162,0.884909196610746
43.8,0.272747905910914,0.266411227575876,0.267928210799286,0.884787043022568
43.9,0.272885582719621,0.266544634879628,0.268057696080422,0.884665184085321
44,0.273022806602268,0.266677641361477,0.268186852976977,0.884543608061923
44.1,0.27315958745329,0.266810262217834,0.268315694034025,0.884422304158278
44.2,0.273295934245704,0.2669425117023,0.268444230676237,0.884301262459507
44.3,0.273431855102132,0.267074403173401,0.268572473293587,0.884180473870546
44.4,0.273567357360538,0.26720594914012,0.268700431320413,0.884059930060809
44.5,0.27370244763507,0.267337161305331,0.268828113308352,0.883939623412624
44.6,0.273837131872372,0.267468050607197,0.268955526993643,0.883819546973177
44.7,0.273971415403694,0.267598627258634,0.269082679359237,0.883699694409727
44.8,0.274105302993124,0.267728900784901,0.269209576692128,0.883580059967857
44.9,0.274238798882209,0.267858880059412,0.269336224636281,0.883460638432543
45,0.274371906831259,0.26798857333783,0.269462628241502,0.883341425091858
45.1,0.274504630157551,0.268117988290524,0.269588792008578,0.883222415703126
45.2,0.274636971770682,0.268247132033457,0.269714719930962,0.883103606461335
45.3,0.274768934205283,0.268376011157579,0.269840415533297,0.882984993969692
45.4,0.274900519651267,0.26850463175678,0.269965881907007,0.882866575212127
45.5,0.275031729981827,0.268632999454475,0.270091121743196,0.882748347527651
45.6,0.275162566779319,0.268761119428881,0.270216137363058,0.88263030858641
45.7,0.275293031359209,0.268888996437049,0.270340930745998,0.882512456367343
45.8,0.275423124792215,0.269016634837695,0.270465503555638,0.882394789137317
45.9,0.275552847924785,0.2691440386129,0.270589857163872,0.882277305431639
46,0.275682201398031,0.269271211388726,0.270713992673122,0.882160004035866
46.1,0.275811185665229,0.269398156454795,0.270837910936937,0.882042883968809
46.2,0.275939801008005,0.26952487678288,0.270961612579056,0.881925944466651
46.3,0.276068047551287,0.269651375044566,0.271085098011061,0.881809184968114
46.4,0.276195925277131,0.269777653628009,0.271208367448721,0.881692605100596
46.5,0.276323434037493,0.269903714653847,0.271331420927135,0.881576204667211
46.6,0.27645057356603,0.270029559990298,0.271454258314756,0.881459983634677
46.7,0.276577343489002,0.270155191267488,0.271576879326393,0.881343942121991
46.8,0.276703743335342,0.270280609891048,0.271699283535258,0.881228080389838
46.9,0.276829772545957,0.270405817055006,0.27182147038414,0.88111239883069
47,0.276955430482311,0.270530813754021,0.271943439195759,0.880996897959537
47.1,0.277080716434356,0.270655600794986,0.272065189182382,0.880881578405227
47.2,0.277205629627846,0.270780178808022,0.272186719454733,0.880766440902351
47.3,0.277330169231086,0.270904548256915,0.272308029030272,0.880651486283662
47.4,0.277454334361165,0.271028709448998,0.272429116840872,0.880536715472964
47.5,0.277578124089694,0.271152662544527,0.272549981739951,0.880422129478475
47.6,0.277701537448112,0.271276407565566,0.272670622509098,0.880307729386592
47.7,0.277824573432561,0.271399944404399,0.272791037864219,0.880193516356072
47.8,0.277947231008389,0.271523272831518,0.272911226461261,0.88007949161257
47.9,0.2780695091143,0.271646392503172,0.273031186901521,0.87996565644353
48,0.278191406666165,0.271769302968532,0.273150917736584,0.879852012193392
48.1,0.278312922560545,0.271892003676476,0.273270417472919,0.879738560259112
48.2,0.278434055677922,0.272014493982011,0.27338968457615,0.879625302085955
48.3,0.278554804885678,0.272136773152358,0.273508717475025,0.879512239163555
48.4,0.278675169040831,0.272258840372716,0.273627514565119,0.879399373022226
48.5,0.278795146992552,0.272380694751718,0.273746074212273,0.879286705229495
48.6,0.278914737584475,0.272502335326594,0.273864394755798,0.879174237386865
48.7,0.279033939656819,0.272623761068067,0.273982474511456,0.879061971126766
48.8,0.279152752048341,0.272744970884975,0.274100311774239,0.878949908109704
48.9,0.279271173598114,0.272865963628657,0.274217904820958,0.878838050021584
49,0.279389203147171,0.2729867380971,0.274335251912652,0.878726398571203
49.1,0.279506839540001,0.273107293038859,0.274452351296835,0.878614955487889
49.2,0.279624081625923,0.273227627156776,0.274569201209589,0.878503722519299
49.3,0.279740928260342,0.273347739111485,0.274685799877518,0.878392701429338
49.4,0.279857378305891,0.273467627524739,0.274802145519567,0.87828189399622
49.5,0.279973430633484,0.273587290982554,0.274918236348716,0.878171302010637
49.6,0.280089084123264,0.27370672803818,0.275034070573566,0.878060927274047
49.7,0.280204337665476,0.273825937214911,0.275149646399816,0.877950771597066
49.8,0.280319190161255,0.273944917008747,0.275264962031634,0.877840836797954
49.9,0.280433640523348,0.2740636658909,0.275380015672948,0.877731124701198
50,0.280547687676757,0.274182182310179,0.275494805528642,0.87762163713618
50.1,0.280661330559335,0.274300464695228,0.275609329805673,0.877512375935926
50.2,0.280774568122319,0.274418511456651,0.275723586714117,0.877403342935929
50.3,0.280887399330802,0.274536320989019,0.27583757446814,0.87729453997305
50.4,0.280999823164176,0.274653891672761,0.275951291286909,0.877185968884476
50.5,0.28111183861651,0.274771221875959,0.276064735395438,0.877077631506747
50.6,0.2812234446969,0.274888309956034,0.27617790502538,0.876969529674844
50.7,0.281334640429782,0.275005154261344,0.276290798415766,0.876861665221327
50.8,0.281445424855196,0.275121753132693,0.276403413813691,0.876754039975528
50.9,0.28155579702904,0.275238104904754,0.276515749474961,0.876646655762789
51,0.281665756023275,0.275354207907414,0.276627803664685,0.876539514403755
51.1,0.281775300926113,0.275470060467036,0.27673957465784,0.876432617713698
51.2,0.281884430842178,0.275585660907662,0.27685106073979,0.876325967501889
51.3,0.281993144892649,0.27570100755214,0.27696226020677,0.876219565571008
51.4,0.282101442215369,0.275816098723185,0.27707317136634,0.876113413716586
51.5,0.282209321964951,0.275930932744386,0.277183792537805,0.876007513726483
51.6,0.282316783312854,0.276045507941152,0.277294122052609,0.875901867380397
51.7,0.282423825447453,0.276159822641603,0.277404158254698,0.875796476449402
51.8,0.282530447574082,0.276273875177407,0.27751389950086,0.875691342695515
51.9,0.282636648915077,0.276387663884577,0.27762334416104,0.87558646787129
52,0.282742428709795,0.276501187104212,0.277732490618637,0.875481853719434
52.1,0.28284778621463,0.2766144431832,0.27784133727077,0.875377501972447
52.2,0.282952720703013,0.276727430474877,0.277949882528534,0.875273414352286
52.3,0.283057231465409,0.276840147339649,0.278058124817233,0.875169592570048
52.4,0.283161317809294,0.276952592145574,0.278166062576598,0.87506603832567
52.5,0.28326497905914,0.27706476326891,0.278273694260983,0.874962753307655
52.6,0.283368214556375,0.277176659094636,0.278381018339552,0.874859739192805
52.7,0.283471023659354,0.277288278016928,0.278488033296452,0.874756997645974
52.8,0.283573405743312,0.277399618439617,0.278594737630963,0.874654530319845
52.9,0.283675360200313,0.277510678776616,0.278701129857648,0.874552338854705
53,0.2837768864392,0.277621457452317,0.278807208506481,0.874450424878248
53.1,0.283877983885536,0.277731952901967,0.278912972122971,0.874348790005381
53.2,0.28397865198154,0.277842163572015,0.279018419268268,0.87424743583805
53.3,0.284078890186026,0.277952087920445,0.279123548519265,0.874146363965071
53.4,0.284178697974325,0.278061724417075,0.279228358468689,0.874045575961975
53.5,0.284278074838225,0.27817107154385,0.279332847725181,0.873945073390862
53.6,0.284377020285886,0.278280127795104,0.279437014913371,0.873844857800265
53.7,0.284475533841768,0.278388891677811,0.279540858673942,0.873744930725024
53.8,0.28457361504655,0.278497361711814,0.279644377663688,0.873645293686165
53.9,0.284671263457052,0.278605536430046,0.279747570555567,0.873545948190792
54,0.284768478646148,0.278713414378721,0.279850436038742,0.873446895731984
54.1,0.284865260202684,0.278820994117528,0.279952972818621,0.873348137788698
54.2,0.284961607731393,0.278928274219797,0.28005517961689,0.873249675825681
54.3,0.285057520852805,0.279035253272662,0.280157055171537,0.873151511293388
54.4,0.285152999203163,0.279141929877201,0.280258598236876,0.873053645627904
54.5,0.285248042434333,0.27924830264858,0.280359807583562,0.872956080250877
54.6,0.285342650213714,0.279354370216166,0.280460681998606,0.87285881656945
54.7,0.285436822224148,0.279460131223649,0.280561220285376,0.872761855976201
54.8,0.285530558163828,0.27956558432914,0.280661421263605,0.87266519984909
54.9,0.28562385774621,0.279670728205268,0.280761283769391,0.87256884955141
55,0.285716720699921,0.279775561539264,0.280860806655191,0.872472806431736
55.1,0.285809146768662,0.279880083033037,0.28095998878981,0.872377071823887
55.2,0.285901135711122,0.279984291403244,0.281058829058395,0.872281647046892
55.3,0.285992687300885,0.280088185381352,0.281157326362418,0.872186533404946
55.4,0.286083801326334,0.28019176371369,0.281255479619659,0.87209173218739
55.5,0.28617447759056,0.2802950251615,0.281353287764185,0.871997244668679
55.6,0.286264715911273,0.280397968500977,0.281450749746329,0.871903072108358
55.7,0.286354516120705,0.2805005925233,0.281547864532662,0.871809215751045
55.8,0.286443878065519,0.280602896034671,0.281644631105968,0.871715676826409
55.9,0.286532801606717,0.280704877856331,0.281741048465211,0.871622456549159
56,0.286621286619549,0.28080653682458,0.281837115625507,0.87152955611903
56.1,0.286709332993419,0.280907871790799,0.281932831618085,0.871436976720773
56.2,0.286796940631793,0.281008881621449,0.282028195490254,0.871344719524149
56.3,0.286884109452108,0.281109565198086,0.282123206305365,0.871252785683922
56.4,0.286970839385682,0.281209921417356,0.28221786314277,0.871161176339861
56.5,0.28705713037762,0.281309949190997,0.28231216509778,0.871069892616734
56.6,0.287142982386724,0.281409647445831,0.282406111281627,0.870978935624313
56.7,0.287228395385401,0.281509015123754,0.282499700821413,0.870888306457374
56.8,0.287313369359577,0.281608051181727,0.28259293286007,0.870798006195708
56.9,0.287397904308601,0.281706754591755,0.282685806556308,0.870708035904122
57,0.287482000245157,0.281805124340873,0.282778321084572,0.870618396632451
57.1,0.287565657195175,0.281903159431122,0.28287047563499,0.870529089415565
57.2,0.287648875197742,0.282000858879526,0.28296226941332,0.870440115273387
57.3,0.287731654305011,0.282098221718068,0.283053701640904,0.870351475210899
57.4,0.287813994582111,0.282195246993655,0.283144771554611,0.870263170218162
57.5,0.287895896107065,0.282291933768093,0.283235478406785,0.87017520127033
57.6,0.287977358970694,0.282388281118055,0.283325821465191,0.870087569327668
57.7,0.288058383276532,0.282484288135039,0.283415800012958,0.870000275335569
57.8,0.288138969140739,0.282579953925337,0.283505413348526,0.869913320224577
57.9,0.288219116692014,0.282675277609996,0.283594660785585,0.869826704910407
58,0.288298826071506,0.282770258324777,0.283683541653022,0.869740430293963
58.1,0.288378097432729,0.282864895220112,0.283772055294858,0.86965449726137
58.2,0.288456930941474,0.282959187461064,0.283860201070195,0.869568906683989
58.3,0.288535326775725,0.283053134227278,0.283947978353149,0.86948365941845
58.4,0.288613285125571,0.283146734712941,0.284035386532796,0.869398756306673
58.5,0.288690806193121,0.283239988126728,0.28412242501311,0.869314198175899
58.6,0.288767890192421,0.283332893691762,0.284209093212899,0.869229985838715
58.7,0.288844537349365,0.283425450645556,0.284295390565746,0.869146120093086
58.8,0.288920747901615,0.283517658239968,0.284381316519947,0.869062601722383
58.9,0.288996522098512,0.28360951574115,0.284466870538445,0.868979431495417
59,0.289071860200997,0.283701022429492,0.284552052098773,0.868896610166465
59.1,0.289146762481522,0.283792177599572,0.284636860692984,0.868814138475307
59.2,0.289221229223972,0.2838829805601,0.284721295827592,0.868732017147259
59.3,0.289295260723577,0.283973430633866,0.284805357023504,0.868650246893204
59.4,0.289368857286832,0.284063527157682,0.284889043815961,0.86856882840963
59.5,0.289442019231415,0.284153269482326,0.284972355754465,0.868487762378662
59.6,0.289514746886102,0.284242656972487,0.285055292402724,0.868407049468102
59.7,0.289587040590688,0.284331689006706,0.285137853338576,0.868326690331462
59.8,0.289658900695902,0.284420364977317,0.285220038153932,0.868246685608002
59.9,0.289730327563331,0.284508684290394,0.285301846454705,0.868167035922771
60,0.289801321565332,0.284596646365684,0.285383277860747,0.868087741886642
60.1,0.289871883084958,0.284684250636555,0.285464332005778,0.868008804096351
60.2,0.289942012515872,0.284771496549932,0.285545008537327,0.867930223134542
60.3,0.290011710262269,0.284858383566237,0.285625307116658,0.867851999569799
60.4,0.290080976738799,0.284944911159329,0.285705227418705,0.867774133956695
60.5,0.29014981237048,0.285031078816443,0.285784769132008,0.867696626835828
60.6,0.290218217592627,0.285116886038131,0.285863931958641,0.867619478733865
60.7,0.290286192850767,0.285202332338194,0.28594271561415,0.867542690163583
60.8,0.290353738600561,0.285287417243628,0.286021119827481,0.867466261623915
60.9,0.290420855307729,0.285372140294556,0.286099144340912,0.867390193599991
61,0.290487543447967,0.285456501044168,0.286176788909991,0.867314486563181
61.1,0.290553803506872,0.285540499058656,0.286254053303459,0.867239140971142
61.2,0.290619635979864,0.285624133917158,0.286330937303191,0.867164157267862
61.3,0.290685041372106,0.285707405211684,0.286407440704123,0.867089535883705
61.4,0.29075002019843,0.285790312547063,0.286483563314184,0.867015277235455
61.5,0.290814572983259,0.285872855540873,0.286559304954229,0.866941381726366
61.6,0.290878700260529,0.285955033823381,0.28663466545797,0.866867849746207
61.7,0.290942402573612,0.286036847037479,0.286709644671907,0.866794681671306
61.8,0.291005680475246,0.286118294838616,0.286784242455263,0.866721877864603
61.9,0.291068534527449,0.286199376894742,0.28685845867991,0.866649438675692
62,0.291130965301452,0.286280092886235,0.286932293230304,0.866577364440875
62.1,0.291192973377621,0.286360442505844,0.287005746003417,0.866505655483205
62.2,0.291254559345378,0.286440425458622,0.287078816908666,0.866434312112542
62.3,0.291315723803133,0.286520041461861,0.287151505867845,0.866363334625594
62.4,0.291376467358203,0.28659929024503,0.287223812815058,0.866292723305973
62.5,0.291436790626742,0.286678171549708,0.287295737696649,0.866222478424243
62.6,0.291496694233667,0.286756685129522,0.287367280471134,0.86615260023797
62.7,0.291556178812578,0.286834830750082,0.287438441109131,0.866083088991774
62.8,0.291615245005694,0.286912608188914,0.287509219593291,0.866013944917379
62.9,0.291673893463771,0.2869900172354,0.287579615918234,0.865945168233665
63,0.291732124846037,0.287067057690711,0.287649630090474,0.865876759146721
63.1,0.291789939820109,0.287143729367742,0.287719262128355,0.865808717849894
63.2,0.291847339061932,0.28722003209105,0.28778851206198,0.865741044523844
63.3,0.291904323255699,0.287295965696788,0.287857379933142,0.865673739336599
63.4,0.291960893093781,0.287371530032638,0.287925865795258,0.8656068024436
63.5,0.292017049276654,0.287446724957754,0.287993969713299,0.865540233987763
63.6,0.292072792512833,0.28752155034269,0.288061691763721,0.86547403409953
63.7,0.292128123518793,0.287596006069339,0.288129032034396,0.865408202896919
63.8,0.292183043018903,0.28767009203087,0.288195990624546,0.865342740485584
63.9,0.292237551745355,0.28774380813166,0.288262567644673,0.865277646958866
64,0.29229165043809,0.287817154287236,0.28832876321649,0.865212922397848
64.1,0.292345339844734,0.287890130424202,0.288394577472854,0.865148566871411
64.2,0.292398620720521,0.287962736480186,0.288460010557697,0.865084580436291
64.3,0.292451493828229,0.288034972403765,0.288525062625959,0.865020963137129
64.4,0.292503959938108,0.28810683815441,0.288589733843519,0.864957715006533
64.5,0.292556019827809,0.288178333702415,0.288654024387125,0.86489483606513
64.6,0.292607674282321,0.28824945902884,0.288717934444329,0.864832326321624
64.7,0.292658924093895,0.288320214125443,0.28878146421342,0.864770185772854
64.8,0.292709770061981,0.288390598994615,0.288844613903351,0.864708414403846
64.9,0.292760212993159,0.288460613649322,0.288907383733675,0.864647012187875
65,0.292810253701067,0.288530258113037,0.288969773934479,0.86458597908652
65.1,0.292859893006339,0.288599532419678,0.289031784746312,0.864525315049722
65.2,0.292909131736535,0.288668436613547,0.289093416420118,0.864465020015839
65.3,0.292957970726073,0.288736970749261,0.289154669217172,0.864405093911708
65.4,0.293006410816164,0.288805134891696,0.289215543409011,0.864345536652703
65.5,0.293054452854744,0.28887292911592,0.289276039277363,0.864286348142788
65.6,0.293102097696408,0.288940353507129,0.289336157114087,0.864227528274582
65.7,0.293149346202344,0.289007408160589,0.289395897221099,0.864169076929412
65.8,0.293196199240269,0.289074093181568,0.289455259910309,0.864110993977377
65.9,0.293242657684359,0.289140408685279,0.289514245503551,0.864053279277403
66,0.293288722415189,0.289206354796811,0.289572854332519,0.863995932677304
66.1,0.293334394319663,0.289271931651074,0.289631086738701,0.863938954013843
66.2,0.293379674290952,0.28933713939273,0.289688943073306,0.863882343112786
66.3,0.29342456322843,0.289401978176137,0.289746423697206,0.86382609978897
66.4,0.293469062037608,0.289466448165281,0.289803528980863,0.863770223846354
66.5,0.293513171630071,0.28953054953372,0.289860259304267,0.863714715078088
66.6,0.293556892923412,0.289594282464518,0.289916615056864,0.863659573266564
66.7,0.293600226841172,0.289657647150185,0.289972596637497,0.863604798183485
66.8,0.293643174312774,0.289720643792618,0.290028204454336,0.86355038958992
66.9,0.293685736273462,0.289783272603034,0.290083438924811,0.863496347236365
67,0.293727913664237,0.289845533801913,0.290138300475549,0.863442670862808
67.1,0.293769707431793,0.289907427618937,0.290192789542305,0.863389360198783
67.2,0.293811118528459,0.289968954292928,0.290246906569902,0.86333641496344
67.3,0.293852147912132,0.290030114071786,0.290300652012158,0.863283834865596
67.4,0.293892796546219,0.290090907212429,0.290354026331826,0.863231619603806
67.5,0.293933065399574,0.290151333980736,0.290407030000528,0.863179768866417
67.6,0.293972955446437,0.29021139465148,0.290459663498687,0.863128282331635
67.7,0.294012467666373,0.290271089508274,0.290511927315466,0.863077159667583
67.8,0.294051603044212,0.290330418843507,0.290563821948701,0.863026400532363
67.9,0.294090362569986,0.290389382958284,0.290615347904834,0.862976004574121
68,0.294128747238871,0.29044798216237,0.290666505698852,0.862925971431106
68.1,0.294166758051129,0.290506216774126,0.290717295854223,0.862876300731734
68.2,0.294204396012042,0.29056408712045,0.290767718902826,0.862826992094647
68.3,0.294241662131861,0.29062159353672,0.290817775384894,0.86277804512878
68.4,0.294278557425739,0.290678736366732,0.290867465848944,0.862729459433419
68.5,0.294315082913676,0.290735515962645,0.290916790851715,0.862681234598267
68.6,0.294351239620461,0.290791932684916,0.290965750958107,0.862633370203503
68.7,0.294387028575611,0.290847986902244,0.291014346741111,0.862585865819849
68.8,0.294422450813314,0.290903678991515,0.291062578781751,0.862538721008628
68.9,0.294457507372371,0.290959009337736,0.291110447669019,0.86249193532183
69,0.294492199296141,0.291013978333983,0.291157953999809,0.862445508302174
69.1,0.294526527632477,0.291068586381339,0.291205098378859,0.862399439483169
69.2,0.294560493433677,0.291122833888838,0.291251881418681,0.86235372838918
69.3,0.29459409775642,0.291176721273405,0.291298303739504,0.86230837453549
69.4,0.294627341661714,0.2912302489598,0.29134436596921,0.862263377428361
69.5,0.294660226214837,0.291283417380561,0.291390068743268,0.8622187365651
69.6,0.294692752485282,0.291336226975942,0.291435412704676,0.86217445143412
69.7,0.294724921546701,0.291388678193861,0.291480398503894,0.862130521515006
69.8,0.294756734476851,0.291440771489841,0.291525026798787,0.862086946278574
69.9,0.294788192357532,0.29149250732695,0.291569298254559,0.862043725186937
70,0.294819296274543,0.291543886175749,0.29161321354369,0.862000857693568
70.1,0.294850047317615,0.29159490851423,0.291656773345881,0.861958343243365
70.2,0.294880446580367,0.291645574827766,0.291699978347983,0.86191618127271
70.3,0.294910495160243,0.291695885609047,0.291742829243943,0.861874371209536
70.4,0.294940194158463,0.29174584135803,0.291785326734739,0.861832912473389
70.5,0.294969544679969,0.291795442581879,0.29182747152832,0.861791804475492
70.6,0.294998547833368,0.291844689794911,0.291869264339544,0.861751046618808
70.7,0.295027204730881,0.291893583518537,0.291910705890117,0.861710638298102
70.8,0.295055516488291,0.291942124281213,0.291951796908536,0.86167057890001
70.9,0.295083484224887,0.291990312618378,0.291992538130021,0.861630867803093
71,0.295111109063413,0.292038149072399,0.292032930296461,0.861591504377911
71.1,0.295138392130017,0.292085634192522,0.292072974156352,0.861552487987078
71.2,0.295165334554196,0.29213276853481,0.292112670464735,0.861513817985329
71.3,0.295191937468746,0.29217955266209,0.292152019983139,0.861475493719584
71.4,0.295218202009708,0.292225987143902,0.292191023479518,0.861437514529011
71.5,0.295244129316322,0.292272072556439,0.292229681728193,0.861399879745087
71.6,0.295269720530969,0.292317809482496,0.292267995509793,0.861362588691665
71.7,0.295294976799123,0.292363198511416,0.292305965611194,0.861325640685035
71.8,0.295319899269304,0.292408240239032,0.292343592825463,0.861289035033989
71.9,0.295344489093021,0.29245293526762,0.292380877951794,0.861252771039881
72,0.295368747424725,0.292497284205837,0.292417821795453,0.861216847996694
72.1,0.295392675421761,0.292541287668674,0.292454425167718,0.861181265191102
72.2,0.295416274244314,0.292584946277401,0.29249068888582,0.861146021902533
72.3,0.295439545055362,0.292628260659509,0.292526613772887,0.86111111740323
72.4,0.295462489020629,0.292671231448665,0.29256220065788,0.861076550958319
72.5,0.29548510730853,0.292713859284652,0.292597450375543,0.861042321825869
72.6,0.295507401090128,0.292756144813321,0.292632363766339,0.861008429256953
72.7,0.295529371539082,0.292798088686535,0.292666941676394,0.860974872495715
72.8,0.295551019831602,0.292839691562118,0.29270118495744,0.860941650779432
72.9,0.295572347146397,0.292880954103804,0.292735094466756,0.860908763338575
73,0.295593354664629,0.292921876981183,0.292768671067112,0.860876209396873
73.1,0.295614043569868,0.292962460869647,0.292801915626715,0.860843988171375
73.2,0.295634415048039,0.293002706450345,0.292834829019144,0.860812098872515
73.3,0.295654470287382,0.293042614410125,0.292867412123302,0.860780540704172
73.4,0.295674210478397,0.293082185441484,0.292899665823353,0.860749312863733
73.5,0.295693636813807,0.293121420242518,0.292931591008669,0.860718414542156
73.6,0.295712750488501,0.293160319516872,0.292963188573774,0.860687844924034
73.7,0.295731552699498,0.293198883973684,0.292994459418284,0.860657603187654
73.8,0.295750044645893,0.29323711432754,0.293025404446856,0.860627688505062
73.9,0.295768227528817,0.293275011298419,0.29305602456913,0.860598100042123
74,0.295786102551389,0.293312575611645,0.293086320699673,0.860568836958584
74.1,0.29580367091867,0.293349807997837,0.293116293757924,0.860539898408138
74.2,0.295820933837621,0.293386709192857,0.29314594466814,0.860511283538483
74.3,0.295837892517054,0.293423279937761,0.293175274359339,0.860482991491384
74.4,0.295854548167593,0.293459520978747,0.293204283765245,0.860455021402736
74.5,0.295870902001624,0.293495433067111,0.293232973824237,0.860427372402627
74.6,0.295886955233256,0.293531016959191,0.29326134547929,0.860400043615394
74.7,0.295902709078274,0.293566273416322,0.293289399677922,0.860373034159693
74.8,0.295918164754096,0.293601203204786,0.293317137372142,0.86034634314855
74.9,0.29593332347973,0.29363580709576,0.293344559518392,0.860319969689431
75,0.295948186475733,0.293670085865271,0.293371667077498,0.8602939128843
75.1,0.295962754964163,0.293704040294147,0.293398461014611,0.860268171829677
75.2,0.295977030168541,0.293737671167966,0.293424942299158,0.860242745616704
75.3,0.295991013313808,0.29377097927701,0.293451111904787,0.860217633331203
75.4,0.29600470562628,0.293803965416215,0.293476970809314,0.860192834053735
75.5,0.296018108333609,0.293836630385124,0.293502519994669,0.860168346859664
75.6,0.296031222664739,0.29386897498784,0.293527760446844,0.860144170819216
75.7,0.296044049849867,0.293901000032978,0.293552693155842,0.860120304997538
75.8,0.2960565911204,0.293932706333615,0.293577319115621,0.860096748454759
75.9,0.296068847708914,0.293964094707246,0.293601639324047,0.860073500246053
76,0.296080820849113,0.293995165975735,0.293625654782836,0.860050559421693
76.1,0.296092511775789,0.29402592096527,0.293649366497506,0.860027925027114
76.2,0.296103921724782,0.294056360506313,0.293672775477324,0.860005596102973
76.3,0.296115051932939,0.294086485433555,0.293695882735256,0.85998357168521
76.4,0.296125903638075,0.294116296585871,0.293718689287913,0.859961850805102
76.5,0.29613647807893,0.29414579480627,0.293741196155502,0.859940432489327
76.6,0.296146776495135,0.294174980941854,0.293763404361774,0.85991931576002
76.7,0.296156800127168,0.294203855843767,0.293785314933973,0.859898499634837
76.8,0.296166550216318,0.294232420367151,0.293806928902788,0.859877983127005
76.9,0.296176028004644,0.294260675371102,0.293828247302297,0.859857765245389
77,0.296185234734937,0.294288621718623,0.293849271169925,0.859837844994547
77.1,0.296194171650683,0.294316260276578,0.293870001546384,0.859818221374788
77.2,0.296202839996023,0.294343591915648,0.293890439475631,0.859798893382229
77.3,0.296211241015714,0.294370617510284,0.293910586004817,0.859779860008857
77.4,0.296219375955096,0.294397337938668,0.293930442184233,0.859761120242583
77.5,0.296227246060048,0.29442375408266,0.293950009067266,0.859742673067301
77.6,0.296234852576958,0.294449866827759,0.293969287710346,0.859724517462946
77.7,0.296242196752678,0.294475677063058,0.293988279172901,0.85970665240555
77.8,0.296249279834493,0.2945011856812,0.294006984517303,0.859689076867302
77.9,0.296256103070081,0.294526393578331,0.294025404808824,0.859671789816602
78,0.29626266770748,0.294551301654059,0.294043541115585,0.859654790218117
78.1,0.296268974995047,0.29457591081141,0.29406139450851,0.859638077032842
78.2,0.296275026181426,0.294600221956785,0.294078966061275,0.859621649218154
78.3,0.296280822515511,0.294624235999916,0.294096256850263,0.859605505727867
78.4,0.296286365246408,0.294647953853821,0.294113267954515,0.85958964551229
78.5,0.296291655623403,0.294671376434765,0.294130000455682,0.859574067518282
78.6,0.296296694895926,0.294694504662212,0.294146455437978,0.85955877068931
78.7,0.296301484313513,0.294717339458789,0.294162633988134,0.859543753965501
78.8,0.296306025125775,0.294739881750236,0.29417853719535,0.8595290162837
78.9,0.296310318582363,0.294762132465371,0.294194166151249,0.859514556577524
79,0.29631436593293,0.294784092536042,0.29420952194983,0.859500373777418
79.1,0.296318168427102,0.294805762897088,0.294224605687419,0.859486466810709
79.2,0.29632172731444,0.294827144486297,0.29423941846263,0.859472834601662
79.3,0.296325043844406,0.294848238244363,0.294253961376311,0.859459476071533
79.4,0.296328119266334,0.294869045114845,0.294268235531504,0.859446390138624
79.5,0.296330954829392,0.294889566044127,0.294282242033394,0.859433575718337
79.6,0.296333551782551,0.294909801981376,0.29429598198927,0.859421031723226
79.7,0.296335911374552,0.2949297538785,0.294309456508474,0.859408757063057
79.8,0.29633803485387,0.294949422690108,0.29432266670236,0.859396750644852
79.9,0.296339923468689,0.29496880937347,0.294335613684246,0.859385011372951
80,0.29634157846686,0.294987914888474,0.294348298569372,0.859373538149061
80.1,0.296343001095877,0.295006740197592,0.294360722474854,0.859362329872308
80.2,0.29634419260284,0.295025286265829,0.294372886519639,0.859351385439293
80.3,0.296345154234427,0.295043554060694,0.294384791824463,0.859340703744141
80.4,0.296345887236857,0.295061544552154,0.294396439511807,0.859330283678557
80.5,0.296346392855865,0.295079258712595,0.294407830705849,0.859320124131873
80.6,0.296346672336668,0.295096697516785,0.294418966532428,0.859310223991108
80.7,0.296346726923931,0.29511386194183,0.294429848118992,0.85930058214101
80.8,0.296346557861742,0.295130752967141,0.294440476594563,0.859291197464114
80.9,0.296346166393578,0.29514737157439,0.294450853089688,0.859282068840793
81,0.296345553762274,0.295163718747473,0.294460978736399,0.859273195149305
81.1,0.296344721209995,0.29517979547247,0.29447085466817,0.859264575265848
81.2,0.296343669978205,0.295195602737611,0.294480482019874,0.859256208064609
81.3,0.296342401307636,0.295211141533229,0.294489861927742,0.859248092417813
81.4,0.296340916438262,0.295226412851732,0.29449899552932,0.859240227195777
81.5,0.296339216609265,0.295241417687558,0.294507883963427,0.859232611266957
81.6,0.296337303059008,0.295256157037137,0.294516528370113,0.859225243497997
81.7,0.296335177025007,0.29527063189886,0.29452492989062,0.859218122753781
81.8,0.2963328397439,0.295284843273032,0.294533089667338,0.859211247897482
81.9,0.296330292451421,0.295298792161843,0.294541008843765,0.859204617790611
82,0.296327536382368,0.295312479569324,0.294548688564467,0.859198231293062
82.1,0.296324572770579,0.295325906501317,0.294556129975034,0.859192087263168
82.2,0.296321402848898,0.295339073965432,0.294563334222045,0.859186184557745
82.3,0.296318027849153,0.295351982971011,0.294570302453021,0.859180522032137
82.4,0.296314449002127,0.295364634529096,0.294577035816391,0.859175098540273
82.5,0.296310667537527,0.295377029652387,0.294583535461449,0.859169912934706
82.6,0.29630668468396,0.295389169355211,0.294589802538315,0.859164964066666
82.7,0.296302501668905,0.29540105465348,0.294595838197892,0.859160250786104
82.8,0.296298119718685,0.29541268656466,0.294601643591835,0.859155771941742
82.9,0.296293540058444,0.295424066107734,0.294607219872503,0.859151526381117
83,0.296288763912114,0.295435194303164,0.294612568192924,0.85914751295063
83.1,0.296283792502393,0.295446072172859,0.294617689706758,0.859143730495592
83.2,0.296278627050719,0.295456700740137,0.294622585568252,0.859140177860267
83.3,0.296273268777242,0.295467081029692,0.294627256932211,0.859136853887925
83.4,0.296267718900799,0.295477214067558,0.294631704953951,0.85913375742088
83.5,0.296261978638888,0.295487100881073,0.294635930789266,0.85913088730054
83.6,0.296256049207642,0.295496742498847,0.294639935594388,0.85912824236745
83.7,0.296249931821806,0.295506139950725,0.29464372052595,0.859125821461341
83.8,0.296243627694709,0.295515294267754,0.29464728674095,0.859123623421169
83.9,0.29623713803824,0.29552420648215,0.294650635396711,0.859121647085163
84,0.296230464062823,0.29553287762726,0.294653767650845,0.859119891290871
84.1,0.296223606977394,0.295541308737534,0.294656684661218,0.859118354875198
84.2,0.296216567989375,0.295549500848485,0.29465938758591,0.859117036674459
84.3,0.296209348304649,0.295557454996661,0.294661877583181,0.859115935524412
84.4,0.296201949127538,0.295565172219607,0.294664155811434,0.859115050260311
84.5,0.296194371660776,0.295572653555836,0.294666223429178,0.859114379716942
84.6,0.296186617105489,0.295579900044792,0.294668081594993,0.85911392272867
84.7,0.29617868666117,0.295586912726822,0.294669731467495,0.859113678129481
84.8,0.296170581525653,0.295593692643137,0.294671174205298,0.859113644753022
84.9,0.296162302895094,0.295600240835784,0.294672410966981,0.859113821432648
85,0.296153851963945,0.295606558347614,0.294673442911051,0.859114207001458
85.1,0.296145229924932,0.295612646222246,0.29467427119591,0.859114800292341
85.2,0.296136437969032,0.295618505504037,0.294674896979819,0.859115600138017
85.3,0.296127477285452,0.295624137238052,0.294675321420863,0.859116605371077
85.4,0.296118349061604,0.295629542470027,0.294675545676917,0.859117814824023
85.5,0.296109054483083,0.295634722246345,0.294675570905613,0.859119227329311
85.6,0.29609959473365,0.295639677613996,0.294675398264303,0.859120841719391
85.7,0.296089970995203,0.295644409620553,0.294675028910028,0.859122656826747
85.8,0.296080184447758,0.295648919314136,0.294674463999484,0.859124671483936
85.9,0.296070236269432,0.295653207743382,0.294673704688987,0.85912688452363
86,0.296060127636412,0.295657275957417,0.29467275213444,0.859129294778653
86.1,0.296049859722944,0.295661125005822,0.294671607491302,0.859131901082022
86.2,0.296039433701305,0.295664755938603,0.294670271914552,0.859134702266985
86.3,0.296028850741786,0.295668169806164,0.294668746558659,0.859137697167061
86.4,0.296018112012668,0.29567136765927,0.294667032577547,0.859140884616077
86.5,0.296007218680204,0.295674350549024,0.294665131124566,0.859144263448209
86.6,0.295996171908599,0.295677119526834,0.294663043352456,0.859147832498016
86.7,0.295984972859986,0.295679675644381,0.294660770413317,0.859151590600482
86.8,0.295973622694412,0.295682019953594,0.294658313458578,0.85915553659105
86.9,0.295962122569811,0.295684153506617,0.294655673638965,0.859159669305663
87,0.29595047364199,0.295686077355783,0.294652852104466,0.859163987580796
87.1,0.295938677064609,0.295687792553581,0.294649850004307,0.859168490253501
87.2,0.295926733989156,0.295689300152628,0.294646668486914,0.859173176161432
87.3,0.295914645564934,0.295690601205643,0.294643308699887,0.859178044142894
87.4,0.295902412939041,0.295691696765417,0.294639771789965,0.859183093036868
87.5,0.295890037256346,0.295692587884781,0.294636058903,0.859188321683057
87.6,0.295877519659477,0.295693275616582,0.294632171183924,0.859193728921911
87.7,0.295864861288799,0.295693761013655,0.294628109776719,0.859199313594673
87.8,0.295852063282394,0.295694045128791,0.294623875824389,0.859205074543405
87.9,0.295839126776046,0.295694129014712,0.294619470468927,0.859211010611029
88,0.295826052903221,0.295694013724041,0.29461489485129,0.85921712064136
88.1,0.29581284279505,0.295693700309279,0.294610150111366,0.859223403479139
88.2,0.29579949758031,0.295693189822773,0.294605237387944,0.859229857970068
88.3,0.295786018385406,0.29569248331669,0.294600157818691,0.859236482960843
88.4,0.295772406334356,0.29569158184299,0.294594912540115,0.859243277299193
88.5,0.295758662548772,0.295690486453398,0.294589502687543,0.859250239833903
88.6,0.295744788147841,0.295689198199382,0.294583929395091,0.859257369414859
88.7,0.295730784248312,0.295687718132118,0.294578193795633,0.859264664893071
88.8,0.295716651964475,0.295686047302471,0.294572297020776,0.859272125120713
88.9,0.295702392408147,0.295684186760964,0.294566240200831,0.85927974895115
89,0.295688006688655,0.295682137557754,0.294560024464785,0.859287535238975
89.1,0.295673495912816,0.295679900742605,0.294553650940275,0.859295482840037
89.2,0.295658861184929,0.295677477364863,0.294547120753559,0.859303590611473
89.3,0.295644103606749,0.295674868473428,0.29454043502949,0.859311857411744
89.4,0.295629224277476,0.295672075116731,0.294533594891488,0.859320282100661
89.5,0.295614224293742,0.295669098342707,0.294526601461515,0.859328863539419
89.6,0.295599104749589,0.295665939198771,0.294519455860045,0.859337600590625
89.7,0.295583866736457,0.29566259873179,0.294512159206044,0.859346492118332
89.8,0.295568511343168,0.295659077988061,0.294504712616936,0.859355536988067
89.9,0.295553039655912,0.295655378013284,0.294497117208582,0.859364734066862
90,0.295537452758229,0.29565149985254,0.294489374095254,0.859374082223281
90.1,0.295521751730997,0.295647444550262,0.294481484389608,0.859383580327455
90.2,0.295505937652414,0.295643213150214,0.294473449202658,0.859393227251108
90.3,0.295490011597988,0.295638806695468,0.294465269643751,0.859403021867583
90.4,0.295473974640517,0.295634226228373,0.294456946820546,0.859412963051878
90.5,0.295457827850079,0.29562947279054,0.294448481838981,0.859423049680668
90.6,0.295441572294016,0.295624547422811,0.294439875803256,0.859433280632337
90.7,0.295425209036917,0.295619451165239,0.294431129815805,0.859443654787005
90.8,0.295408739140612,0.295614185057062,0.29442224497727,0.859454171026557
90.9,0.295392163664149,0.295608750136684,0.294413222386482,0.859464828234669
91,0.295375483663786,0.295603147441646,0.29440406314043,0.859475625296833
91.1,0.295358700192976,0.295597378008606,0.294394768334245,0.859486561100393
91.2,0.295341814302354,0.295591442873317,0.294385339061168,0.859497634534561
91.3,0.295324827039722,0.2955853430706,0.294375776412535,0.859508844490451
91.4,0.295307739450038,0.295579079634327,0.294366081477747,0.859520189861104
91.5,0.295290552575403,0.295572653597394,0.29435625534425,0.859531669541512
91.6,0.295273267455047,0.295566065991699,0.294346299097512,0.859543282428645
91.7,0.295255885125314,0.295559317848122,0.294336213821,0.859555027421478
91.8,0.295238406619658,0.295552410196502,0.294326000596156,0.859566903421017
91.9,0.295220832968618,0.295545344065614,0.294315660502376,0.85957890933032
92,0.295203165199817,0.295538120483148,0.29430519461699,0.859591044054528
92.1,0.295185404337945,0.295530740475686,0.294294604015235,0.859603306500884
92.2,0.295167551404746,0.295523205068684,0.294283889770237,0.859615695578762
92.3,0.295149607419008,0.295515515286445,0.294273052952987,0.859628210199689
92.4,0.29513157339655,0.295507672152104,0.294262094632323,0.859640849277371
92.5,0.295113450350212,0.295499676687601,0.294251015874903,0.859653611727714
92.6,0.295095239289843,0.295491529913666,0.294239817745191,0.859666496468851
92.7,0.295076941222289,0.29548323284979,0.294228501305427,0.859679502421162
92.8,0.295058557151382,0.295474786514215,0.294217067615618,0.8596926285073
92.9,0.295040088077929,0.295466191923903,0.294205517733504,0.859705873652214
93,0.295021534999701,0.295457450094522,0.29419385271455,0.859719236783168
93.1,0.295002898911425,0.295448562040425,0.294182073611916,0.859732716829768
93.2,0.294984180804766,0.295439528774628,0.294170181476443,0.859746312723982
93.3,0.294965381668324,0.295430351308789,0.294158177356631,0.859760023400163
93.4,0.294946502487623,0.295421030653193,0.29414606229862,0.85977384779507
93.5,0.294927544245094,0.295411567816728,0.294133837346167,0.859787784847889
93.6,0.294908507920073,0.295401963806865,0.294121503540632,0.859801833500256
93.7,0.294889394488784,0.295392219629642,0.294109061920955,0.859815992696278
93.8,0.294870204924337,0.295382336289644,0.29409651352364,0.859830261382554
93.9,0.294850940196711,0.29537231478998,0.294083859382731,0.859844638508192
94,0.294831601272746,0.295362156132268,0.294071100529799,0.859859123024835
94.1,0.294812189116138,0.295351861316616,0.29405823799392,0.85987371388668
94.2,0.294792704687423,0.2953414313416,0.294045272801659,0.859888410050494
94.3,0.294773148943975,0.295330867204249,0.294032205977048,0.859903210475639
94.4,0.294753522839988,0.295320169900023,0.294019038541573,0.859918114124087
94.5,0.294733827326477,0.2953093404228,0.294005771514152,0.859933119960445
94.6,0.294714063351261,0.295298379764852,0.29399240591112,0.859948226951968
94.7,0.294694231858958,0.29528728891683,0.29397894274621,0.859963434068582
94.8,0.294674333790977,0.295276068867744,0.293965383030536,0.859978740282901
94.9,0.294654370085507,0.29526472060495,0.293951727772575,0.859994144570247
95,0.29463434167751,0.295253245114126,0.293937977978154,0.860009645908668
95.1,0.294614249498714,0.295241643379259,0.293924134650428,0.860025243278952
95.2,0.294594094477603,0.295229916382626,0.293910198789864,0.860040935664653
95.3,0.294573877539409,0.295218065104776,0.293896171394229,0.8600567220521
95.4,0.294553599606106,0.295206090524514,0.29388205345857,0.860072601430422
95.5,0.2945332615964,0.295193993618884,0.293867845975197,0.860088572791558
95.6,0.294512864425723,0.295181775363153,0.293853549933669,0.860104635130281
95.7,0.294492409006226,0.295169436730791,0.29383916632078,0.860120787444209
95.8,0.294471896246768,0.295156978693457,0.293824696120538,0.860137028733827
95.9,0.294451327052913,0.295144402220985,0.293810140314155,0.860153358002497
96,0.294430702326923,0.295131708281361,0.293795499880027,0.860169774256481
96.1,0.294410022967745,0.295118897840712,0.293780775793723,0.860186276504952
96.2,0.294389289871011,0.29510597186329,0.293765969027967,0.860202863760011
96.3,0.294368503929029,0.295092931311453,0.293751080552626,0.860219535036704
96.4,0.294347666030775,0.295079777145652,0.293736111334692,0.860236289353037
96.5,0.294326777061886,0.295066510324412,0.293721062338268,0.860253125729989
96.6,0.294305837904656,0.295053131804322,0.293705934524558,0.860270043191529
96.7,0.294284849438031,0.295039642540013,0.293690728851848,0.860287040764632
96.8,0.294263812537595,0.295026043484149,0.293675446275493,0.860304117479289
96.9,0.294242728075575,0.295012335587407,0.293660087747905,0.860321272368526
97,0.294221596920826,0.294998519798464,0.293644654218537,0.860338504468416
97.1,0.294200419938829,0.294984597063983,0.293629146633872,0.860355812818092
97.2,0.294179197991686,0.294970568328595,0.293613565937406,0.860373196459766
97.3,0.294157931938112,0.294956434534891,0.293597913069639,0.860390654438733
97.4,0.29413662263343,0.294942196623398,0.293582188968059,0.860408185803393
97.5,0.29411527092957,0.294927855532573,0.293566394567131,0.860425789605263
97.6,0.294093877675055,0.294913412198785,0.293550530798281,0.860443464898983
97.7,0.294072443715004,0.294898867556301,0.293534598589889,0.860461210742338
97.8,0.294050969891124,0.294884222537273,0.293518598867271,0.860479026196264
97.9,0.294029457041703,0.294869478071722,0.293502532552671,0.860496910324866
98,0.29400790600161,0.294854635087528,0.293486400565245,0.860514862195422
98.1,0.293986317602283,0.294839694510414,0.293470203821052,0.860532880878404
98.2,0.293964692671734,0.294824657263931,0.293453943233041,0.860550965447485
98.3,0.293943032034535,0.294809524269448,0.293437619711041,0.860569114979549
98.4,0.29392133651182,0.294794296446137,0.293421234161747,0.860587328554709
98.5,0.293899606921278,0.29477897471096,0.29340478748871,0.860605605256309
98.6,0.293877844077151,0.294763559978656,0.293388280592326,0.860623944170945
98.7,0.293856048790226,0.294748053161729,0.293371714369825,0.860642344388467
98.8,0.293834221867835,0.294732455170435,0.293355089715259,0.860660805001996
98.9,0.293812364113849,0.294716766912766,0.293338407519493,0.860679325107932
99,0.293790476328676,0.294700989294444,0.293321668670193,0.860697903805963
99.1,0.293768559309255,0.294685123218905,0.293304874051819,0.860716540199078
99.2,0.293746613849055,0.294669169587283,0.293288024545607,0.860735233393574
99.3,0.293724640738069,0.294653129298407,0.293271121029568,0.86075398249907
99.4,0.293702640762814,0.294637003248781,0.293254164378474,0.86077278662851
99.5,0.293680614706325,0.294620792332574,0.293237155463845,0.86079164489818
99.6,0.293658563348151,0.294604497441613,0.293220095153946,0.860810556427711
99.7,0.293636487464356,0.294588119465365,0.293202984313773,0.860829520340092
99.8,0.293614387827514,0.294571659290927,0.293185823805044,0.860848535761676
99.9,0.293592265206705,0.294555117803019,0.293168614486192,0.860867601822192
100,0.293570120367515,0.294538495883966,0.293151357212354,0.86088671765475
100.1,0.293547954072029,0.294521794413695,0.293134052835362,0.860905882395851
100.2,0.293525767078836,0.294505014269714,0.293116702203735,0.860925095185396
100.3,0.293503560143017,0.294488156327111,0.293099306162673,0.860944355166693
100.4,0.293481334016152,0.294471221458534,0.293081865554042,0.860963661486465
100.5,0.293459089446311,0.294454210534191,0.293064381216373,0.860983013294857
100.6,0.293436827178056,0.294437124421828,0.293046853984848,0.861002409745445
100.7,0.293414547952437,0.294419963986727,0.293029284691297,0.861021849995242
100.8,0.293392252506991,0.294402730091692,0.293011674164185,0.861041333204704
100.9,0.29336994157574,0.29438542359704,0.292994023228608,0.861060858537741
101,0.293347615889188,0.29436804536059,0.292976332706286,0.861080425161721
101.1,0.293325276174324,0.294350596237652,0.292958603415551,0.861100032247477
101.2,0.293302923154614,0.294333077081023,0.292940836171344,0.861119678969311
101.3,0.293280557550004,0.294315488740968,0.292923031785208,0.861139364505006
101.4,0.293258180076919,0.29429783206522,0.292905191065276,0.861159088035828
101.5,0.293235791448259,0.294280107898961,0.292887314816272,0.861178848746533
101.6,0.293213392373399,0.294262317084822,0.292869403839495,0.861198645825372
101.7,0.293190983558189,0.294244460462867,0.292851458932822,0.861218478464098
101.8,0.293168565704954,0.294226538870586,0.292833480890694,0.861238345857972
101.9,0.29314613951249,0.294208553142887,0.292815470504113,0.861258247205766
102,0.293123705676065,0.294190504112085,0.292797428560637,0.86127818170977
102.1,0.29310126488742,0.294172392607897,0.29277935584437,0.861298148575797
102.2,0.293078817834764,0.294154219457426,0.29276125313596,0.861318147013188
102.3,0.293056365202781,0.294135985485162,0.292743121212591,0.861338176234815
102.4,0.29303390767262,0.294117691512965,0.29272496084798,0.861358235457087
102.5,0.293011445921905,0.294099338360063,0.292706772812369,0.861378323899955
102.6,0.292988980624726,0.294080926843038,0.292688557872517,0.861398440786916
102.7,0.292966512451645,0.294062457775825,0.292670316791704,0.861418585345014
102.8,0.292944042069692,0.294043931969695,0.292652050329715,0.86143875680485
102.9,0.29292157014237,0.294025350233255,0.292633759242844,0.861458954400581
103,0.292899097329649,0.294006713372438,0.292615444283882,0.861479177369924
103.1,0.292876624287971,0.293988022190492,0.292597106202118,0.861499424954162
103.2,0.29285415167025,0.293969277487976,0.292578745743332,0.861519696398147
103.3,0.292831680125869,0.293950480062751,0.29256036364979,0.8615399909503
103.4,0.292809210300685,0.293931630709973,0.292541960660241,0.861560307862617
103.5,0.292786742837028,0.293912730222087,0.292523537509911,0.861580646390673
103.6,0.292764278373699,0.293893779388818,0.292505094930504,0.861601005793622
103.7,0.292741817545977,0.293874778997164,0.29248663365019,0.8616213853342
103.8,0.292719360985614,0.293855729831389,0.292468154393609,0.861641784278729
103.9,0.292696909320837,0.29383663267302,0.292449657881863,0.861662201897119
104,0.292674463176355,0.293817488300833,0.292431144832513,0.86168263746287
104.1,0.29265202317335,0.293798297490854,0.292412615959577,0.861703090253074
104.2,0.29262958992949,0.293779061016346,0.292394071973527,0.861723559548416
104.3,0.292607164058918,0.293759779647809,0.292375513581284,0.861744044633178
104.4,0.292584746172265,0.293740454152968,0.292356941486215,0.861764544795239
104.5,0.292562336876644,0.293721085296768,0.292338356388133,0.861785059326077
104.6,0.292539936775655,0.293701673841373,0.292319758983291,0.861805587520772
104.7,0.292517546469383,0.293682220546152,0.292301149964382,0.861826128678003
104.8,0.292495166554407,0.293662726167679,0.292282530020535,0.861846682100054
104.9,0.292472797623793,0.293643191459726,0.292263899837311,0.861867247092813
105,0.292450440267103,0.293623617173255,0.292245260096707,0.861887822965773
105.1,0.292428095070394,0.293604004056416,0.292226611477146,0.86190840903203
105.2,0.29240576261622,0.293584352854539,0.292207954653479,0.861929004608291
105.3,0.292383443483634,0.293564664310128,0.292189290296985,0.861949609014865
105.4,0.292361138248193,0.293544939162859,0.292170619075366,0.861970221575671
105.5,0.292338847481957,0.293525178149572,0.292151941652744,0.861990841618236
105.6,0.292316571753492,0.293505382004267,0.292133258689666,0.862011468473693
105.7,0.292294311627876,0.293485551458098,0.292114570843096,0.862032101476782
105.8,0.292272067666697,0.29346568723937,0.292095878766417,0.862052739965852
105.9,0.292249840428058,0.293445790073534,0.292077183109429,0.862073383282859
106,0.292227630466579,0.29342586068318,0.292058484518349,0.862094030773366
106.1,0.292205438333402,0.293405899788034,0.292039783635808,0.862114681786541
106.2,0.292183264576189,0.293385908104955,0.292021081100853,0.86213533567516
106.3,0.292161109739133,0.293365886347928,0.292002377548942,0.862155991795602
106.4,0.292138974362951,0.293345835228061,0.291983673611948,0.862176649507852
106.5,0.292116858984896,0.293325755453581,0.291964969918158,0.862197308175497
106.6,0.292094764138755,0.29330564772983,0.29194626709227,0.862217967165727
106.7,0.292072690354856,0.293285512759261,0.291927565755393,0.862238625849332
106.8,0.292050638160066,0.293265351241431,0.291908866525051,0.862259283600704
106.9,0.292028608077801,0.293245163873004,0.291890170015177,0.86227993979783
107,0.292006600628024,0.29322495134774,0.291871476836119,0.862300593822296
107.1,0.291984616327252,0.293204714356498,0.291852787594636,0.862321245059283
107.2,0.29196265568856,0.293184453587225,0.2918341028939,0.862341892897565
107.3,0.29194071922158,0.293164169724961,0.291815423333496,0.862362536729509
107.4,0.291918807432512,0.293143863451829,0.291796749509424,0.862383175951068
107.5,0.29189692082412,0.293123535447034,0.291778082014096,0.862403809961786
107.6,0.291875059895744,0.293103186386862,0.291759421436344,0.86242443816479
107.7,0.291853225143297,0.293082816944675,0.29174076836141,0.862445059966793
107.8,0.291831417059274,0.293062427790905,0.291722123370959,0.862465674778084
107.9,0.291809636132754,0.293042019593059,0.29170348704307,0.862486282012534
108,0.291787882849404,0.293021593015707,0.291684859952244,0.862506881087589
108.1,0.291766157691484,0.293001148720488,0.291666242669402,0.862527471424265
108.2,0.291744461137853,0.2929806873661,0.291647635761887,0.862548052447151
108.3,0.291722793663969,0.292960209608303,0.291629039793467,0.862568623584402
108.4,0.291701155741899,0.292939716099913,0.291610455324333,0.862589184267736
108.5,0.291679547840319,0.292919207490802,0.291591882911106,0.862609733932434
108.6,0.291657970424521,0.292898684427894,0.291573323106834,0.862630272017332
108.7,0.291636423956418,0.292878147555166,0.291554776460997,0.862650797964823
108.8,0.291614908894547,0.29285759751364,0.291536243519507,0.862671311220849
108.9,0.291593425694077,0.292837034941388,0.291517724824712,0.8626918112349
109,0.291571974806809,0.292816460473526,0.291499220915398,0.86271229746001
109.1,0.291550556681185,0.292795874742213,0.291480732326789,0.862732769352754
109.2,0.291529171762294,0.292775278376648,0.291462259590552,0.862753226373241
109.3,0.291507820491871,0.292754672003073,0.2914438032348,0.862773667985114
109.4,0.291486503308311,0.292734056244765,0.29142536378409,0.862794093655544
109.5,0.291465220646665,0.292713431722041,0.291406941759433,0.862814502855227
109.6,0.291443972938653,0.29269279905225,0.29138853767829,0.862834895058377
109.7,0.291422760612664,0.292672158849779,0.29137015205458,0.862855269742727
109.8,0.291401584093766,0.292651511726045,0.29135178539868,0.86287562638952
109.9,0.291380443803707,0.292630858289499,0.291333438217429,0.862895964483505
110,0.291359340160923,0.292610199145622,0.291315111014131,0.862916283512935
110.1,0.291338273580544,0.292589534896926,0.291296804288559,0.86293658296956
110.2,0.2913172444744,0.292568866142952,0.291278518536959,0.862956862348626
110.3,0.291296253251023,0.292548193480267,0.29126025425205,0.862977121148863
110.4,0.291275300315658,0.29252751750247,0.291242011923033,0.862997358872488
110.5,0.291254386070266,0.292506838800185,0.291223792035589,0.863017575025194
110.6,0.291233510913529,0.292486157961062,0.291205595071889,0.863037769116151
110.7,0.291212675240858,0.292465475569778,0.291187421510591,0.863057940657995
110.8,0.2911918794444,0.292444792208036,0.291169271826849,0.863078089166826
110.9,0.291171123913041,0.292424108454565,0.291151146492315,0.863098214162201
111,0.291150409032413,0.292403424885118,0.291133045975146,0.86311831516713
111.1,0.291129735184902,0.292382742072476,0.291114970740002,0.863138391708072
111.2,0.291109102749654,0.292362060586442,0.291096921248057,0.863158443314925
111.3,0.291088512102577,0.292341380993847,0.291078897956999,0.863178469521024
111.4,0.291067963616356,0.292320703858545,0.291060901321038,0.863198469863135
111.5,0.29104745766045,0.292300029741419,0.291042931790906,0.863218443881448
111.6,0.291026994601104,0.292279359200374,0.291024989813866,0.863238391119572
111.7,0.291006574801357,0.292258692790344,0.291007075833716,0.863258311124528
111.8,0.290986198621042,0.292238031063289,0.29098919029079,0.863278203446744
111.9,0.290965866416798,0.292217374568196,0.290971333621969,0.863298067640051
112,0.290945578542077,0.292196723851079,0.290953506260682,0.863317903261671
112.1,0.290925335347148,0.292176079454984,0.290935708636909,0.863337709872217
112.2,0.290905137179104,0.292155441919981,0.290917941177193,0.863357487035684
112.3,0.29088498438187,0.292134811783173,0.29090020430464,0.863377234319441
112.4,0.290864877296213,0.292114189578695,0.290882498438925,0.86339695129423
112.5,0.290844816259741,0.292093575837711,0.290864823996298,0.863416637534151
112.6,0.290824801606918,0.29207297108842,0.290847181389592,0.863436292616664
112.7,0.290804833669066,0.292052375856054,0.290829571028223,0.863455916122579
112.8,0.290784912774374,0.29203179066288,0.2908119933182,0.863475507636046
112.9,0.290765039247908,0.292011216028201,0.29079444866213,0.863495066744554
113,0.290745213411612,0.291990652468361,0.290776937459224,0.86351459303892
113.1,0.29072543558432,0.291970100496738,0.290759460105299,0.863534086113285
113.2,0.290705706081762,0.291949560623755,0.290742016992792,0.863553545565105
113.3,0.290686025216571,0.291929033356874,0.290724608510758,0.863572970995143
113.4,0.290666393298292,0.291908519200603,0.290707235044879,0.863592362007467
113.5,0.290646810633385,0.291888018656494,0.290689896977472,0.863611718209436
113.6,0.290627277525241,0.291867532223147,0.290672594687494,0.863631039211698
113.7,0.290607794274179,0.29184706039621,0.290655328550546,0.86365032462818
113.8,0.290588361177462,0.291826603668383,0.290638098938885,0.863669574076084
113.9,0.290568978529301,0.291806162529418,0.290620906221424,0.863688787175874
114,0.290549646620863,0.291785737466122,0.290603750763743,0.863707963551273
114.1,0.290530365740279,0.291765328962358,0.290586632928093,0.863727102829256
114.2,0.290511136172654,0.29174493749905,0.290569553073405,0.863746204640038
114.3,0.290491958200068,0.291724563554182,0.290552511555295,0.863765268617072
114.4,0.290472832101592,0.291704207602801,0.290535508726073,0.863784294397035
114.5,0.290453758153293,0.291683870117022,0.290518544934746,0.863803281619827
114.6,0.29043473662824,0.291663551566026,0.290501620527028,0.863822229928559
114.7,0.290415767796513,0.291643252416066,0.290484735845348,0.863841138969544
114.8,0.290396851925211,0.291622973130468,0.290467891228855,0.863860008392295
114.9,0.290377989278464,0.291602714169634,0.290451087013423,0.86387883784951
115,0.290359180117435,0.291582475991046,0.290434323531664,0.863897626997069
115.1,0.29034042470033,0.291562259049264,0.290417601112932,0.863916375494024
115.2,0.290321723282409,0.291542063795937,0.290400920083329,0.863935083002591
115.3,0.290303076115992,0.291521890679796,0.290384280765715,0.863953749188143
115.4,0.290284483450468,0.291501740146666,0.290367683479713,0.863972373719198
115.5,0.290265945532302,0.291481612639462,0.290351128541721,0.863990956267417
115.6,0.290247462605045,0.291461508598197,0.290334616264915,0.864009496507591
115.7,0.290229034909341,0.291441428459983,0.290318146959258,0.864027994117633
115.8,0.290210662682938,0.291421372659033,0.290301720931509,0.864046448778571
115.9,0.290192346160693,0.291401341626667,0.290285338485229,0.86406486017454
116,0.290174085574583,0.291381335791314,0.29026899992079,0.864083227992772
116.1,0.290155881153712,0.291361355578513,0.290252705535385,0.864101551923588
116.2,0.290137733124322,0.29134140141092,0.29023645562303,0.864119831660391
116.3,0.290119641709799,0.291321473708311,0.290220250474579,0.864138066899653
116.4,0.290101607130682,0.291301572887584,0.290204090377726,0.864156257340911
116.5,0.290083629604674,0.291281699362763,0.29018797561702,0.864174402686758
116.6,0.290065709346648,0.291261853545001,0.290171906473865,0.864192502642831
116.7,0.290047846568658,0.291242035842585,0.290155883226535,0.864210556917803
116.8,0.290030041479945,0.291222246660942,0.29013990615018,0.864228565223379
116.9,0.290012294286949,0.291202486402636,0.290123975516833,0.864246527274279
117,0.289994605193317,0.291182755467378,0.29010809159542,0.864264442788236
117.1,0.28997697439991,0.291163054252029,0.29009225465177,0.864282311485985
117.2,0.289959402104814,0.291143383150601,0.290076464948619,0.864300133091251
117.3,0.289941888503347,0.291123742554264,0.290060722745624,0.864317907330744
117.4,0.289924433788072,0.291104132851349,0.290045028299367,0.86433563393415
117.5,0.289907038148801,0.291084554427352,0.290029381863367,0.864353312634117
117.6,0.289889701772608,0.291065007664939,0.290013783688088,0.864370943166252
117.7,0.289872424843835,0.291045492943948,0.289998234020945,0.864388525269108
117.8,0.289855207544103,0.291026010641398,0.289982733106317,0.864406058684175
117.9,0.289838050052323,0.291006561131487,0.289967281185554,0.864423543155872
118,0.289820952544699,0.290987144785603,0.289951878496986,0.864440978431538
118.1,0.289803915194745,0.290967761972322,0.289936525275933,0.864458364261422
118.2,0.289786938173288,0.290948413057419,0.28992122175471,0.864475700398673
118.3,0.289770021648481,0.290929098403866,0.289905968162644,0.864492986599332
118.4,0.289753165785811,0.290909818371844,0.289890764726073,0.86451022262232
118.5,0.289736370748107,0.29089057331874,0.289875611668366,0.864527408229433
118.6,0.289719636695553,0.290871363599156,0.289860509209923,0.864544543185328
118.7,0.289702963785694,0.290852189564916,0.28984545756819,0.864561627257517
118.8,0.289686352173446,0.290833051565064,0.289830456957666,0.864578660216354
118.9,0.289669802011106,0.290813949945876,0.289815507589912,0.864595641835029
119,0.289653313448363,0.29079488505086,0.289800609673564,0.864612571889556
119.1,0.289636886632304,0.290775857220762,0.289785763414338,0.864629450158764
119.2,0.289620521707428,0.290756866793574,0.289770969015039,0.864646276424288
119.3,0.289604218815649,0.290737914104536,0.289756226675578,0.864663050470559
119.4,0.289587978096313,0.290718999486141,0.289741536592973,0.864679772084793
119.5,0.289571799686204,0.290700123268141,0.289726898961362,0.864696441056983
119.6,0.289555683719552,0.290681285777554,0.289712313972015,0.86471305717989
119.7,0.289539630328045,0.290662487338666,0.289697781813339,0.864729620249029
119.8,0.289523639640839,0.290643728273038,0.289683302670892,0.864746130062665
119.9,0.289507711784565,0.290625008899511,0.289668876727391,0.864762586421797
120,0.289491846883342,0.290606329534213,0.289654504162721,0.864778989130155
